INSERT INTO A_CLIENTE(IDCLIENTE, TIPOIDENTIFICACION, NOMBRECLIENTE, FECHANACIMIENTO) 
VALUES (1111111111, 'TI', 'Alvaro Gutierrez' ,TO_DATE('2000-11-21', 'YYYY-MM-DD'));

INSERT INTO A_CLIENTE(IDCLIENTE, TIPOIDENTIFICACION, NOMBRECLIENTE, FECHANACIMIENTO) 
VALUES (1212121212, 'PA', 'Maria Jimenez' ,TO_DATE('1985-07-13', 'YYYY-MM-DD'));

INSERT INTO A_CLIENTE(IDCLIENTE, TIPOIDENTIFICACION, NOMBRECLIENTE, FECHANACIMIENTO) 
VALUES (1313131313, 'CC', 'Esteban Gómez' ,TO_DATE('1999-09-05', 'YYYY-MM-DD'));

INSERT INTO A_CLIENTE(IDCLIENTE, TIPOIDENTIFICACION, NOMBRECLIENTE, FECHANACIMIENTO) 
VALUES (1414141414, 'CC', 'Catalina Rodriguez' ,TO_DATE('1989-02-18', 'YYYY-MM-DD'));

INSERT INTO A_CLIENTE(IDCLIENTE, TIPOIDENTIFICACION, NOMBRECLIENTE, FECHANACIMIENTO) 
VALUES (1515151515, 'TI', 'Santiago Hernandez' ,TO_DATE('1996-10-30', 'YYYY-MM-DD'));

INSERT INTO A_CLIENTE(IDCLIENTE, TIPOIDENTIFICACION, NOMBRECLIENTE, FECHANACIMIENTO) 
VALUES (1616161616, 'CC', 'Valentina Garcia' ,TO_DATE('1987-04-22', 'YYYY-MM-DD'));

INSERT INTO A_CLIENTE(IDCLIENTE, TIPOIDENTIFICACION, NOMBRECLIENTE, FECHANACIMIENTO) 
VALUES (1717171717, 'TI', 'Camila Castro' ,TO_DATE('1995-12-07', 'YYYY-MM-DD'));

INSERT INTO A_CLIENTE(IDCLIENTE, TIPOIDENTIFICACION, NOMBRECLIENTE, FECHANACIMIENTO) 
VALUES (1919191919, 'CC', 'Andres Perez' ,TO_DATE('1998-08-11', 'YYYY-MM-DD'));

INSERT INTO A_CLIENTE(IDCLIENTE, TIPOIDENTIFICACION, NOMBRECLIENTE, FECHANACIMIENTO) 
VALUES (2020202020, 'PA', 'Elena Soto' ,TO_DATE('1976-06-02', 'YYYY-MM-DD'));

INSERT INTO A_CLIENTE(IDCLIENTE, TIPOIDENTIFICACION, NOMBRECLIENTE, FECHANACIMIENTO) 
VALUES (2121212121, 'CC', 'Manuel Rodriguez' ,TO_DATE('1982-03-15', 'YYYY-MM-DD'));

INSERT INTO A_CLIENTE(IDCLIENTE, TIPOIDENTIFICACION, NOMBRECLIENTE, FECHANACIMIENTO) 
VALUES (2222222222, 'TI', 'Cristina Ramirez' ,TO_DATE('1994-01-28', 'YYYY-MM-DD'));

INSERT INTO A_CLIENTE(IDCLIENTE, TIPOIDENTIFICACION, NOMBRECLIENTE, FECHANACIMIENTO) 
VALUES (2323232323, 'CC', 'Jorge Rojas' ,TO_DATE('1980-09-02', 'YYYY-MM-DD'));

INSERT INTO A_CLIENTE(IDCLIENTE, TIPOIDENTIFICACION, NOMBRECLIENTE, FECHANACIMIENTO) 
VALUES (2424242424, 'CC', 'Catalina López' ,TO_DATE('1995-07-15', 'YYYY-MM-DD'));

INSERT INTO A_CLIENTE(IDCLIENTE, TIPOIDENTIFICACION, NOMBRECLIENTE, FECHANACIMIENTO) 
VALUES (2525252525, 'CC', 'Fernando Ramírez' ,TO_DATE('1991-03-18', 'YYYY-MM-DD'));

INSERT INTO A_CLIENTE(IDCLIENTE, TIPOIDENTIFICACION, NOMBRECLIENTE, FECHANACIMIENTO) 
VALUES (2626262626, 'PA', 'María González' ,TO_DATE('1987-12-10', 'YYYY-MM-DD'));

INSERT INTO A_CLIENTE(IDCLIENTE, TIPOIDENTIFICACION, NOMBRECLIENTE, FECHANACIMIENTO) 
VALUES (2727272727, 'TI', 'Carlos Torres' ,TO_DATE('2002-02-28', 'YYYY-MM-DD'));

INSERT INTO A_CLIENTE(IDCLIENTE, TIPOIDENTIFICACION, NOMBRECLIENTE, FECHANACIMIENTO) 
VALUES (2828282828, 'CC', 'Angela García' ,TO_DATE('1998-05-12', 'YYYY-MM-DD'));

INSERT INTO A_CLIENTE(IDCLIENTE, TIPOIDENTIFICACION, NOMBRECLIENTE, FECHANACIMIENTO) 
VALUES (2929292929, 'PA', 'Luisa Martinez' ,TO_DATE('1993-11-30', 'YYYY-MM-DD'));

INSERT INTO A_CLIENTE(IDCLIENTE, TIPOIDENTIFICACION, NOMBRECLIENTE, FECHANACIMIENTO) 
VALUES (3030303030, 'TI', 'Miguel Ramos' ,TO_DATE('2004-08-23', 'YYYY-MM-DD'));

INSERT INTO A_CLIENTE(IDCLIENTE, TIPOIDENTIFICACION, NOMBRECLIENTE, FECHANACIMIENTO) 
VALUES (3131313131, 'CC', 'Paula Sanchez' ,TO_DATE('1996-02-09', 'YYYY-MM-DD'));

INSERT INTO A_CLIENTE(IDCLIENTE, TIPOIDENTIFICACION, NOMBRECLIENTE, FECHANACIMIENTO) 
VALUES (3232323232, 'PA', 'Andrés Castro' ,TO_DATE('1989-09-20', 'YYYY-MM-DD'));

INSERT INTO A_CLIENTE(IDCLIENTE, TIPOIDENTIFICACION, NOMBRECLIENTE, FECHANACIMIENTO) 
VALUES (3333333333, 'CC', 'Carolina Diaz' ,TO_DATE('1994-06-07', 'YYYY-MM-DD'));

INSERT INTO A_MIEMBROACTIVO(IDMIEMBROACTIVO, CARNET, TIPO) 
VALUES (1111111111, '20196588', 'Empleado');

INSERT INTO A_MIEMBROACTIVO(IDMIEMBROACTIVO, CARNET, TIPO)
VALUES (1212121212, '20214356', 'Estudiante');

INSERT INTO A_MIEMBROACTIVO(IDMIEMBROACTIVO, CARNET, TIPO)
VALUES (1313131313, '20193344', 'Profesor visitante');

INSERT INTO A_MIEMBROACTIVO(IDMIEMBROACTIVO, CARNET, TIPO)
VALUES (1414141414, '20200123', 'Empleado');

INSERT INTO A_MIEMBROACTIVO(IDMIEMBROACTIVO, CARNET, TIPO)
VALUES (1515151515, '20211001', 'Estudiante');

INSERT INTO A_MIEMBROACTIVO(IDMIEMBROACTIVO, CARNET, TIPO)
VALUES (1616161616, '20201320', 'Profesor visitante');

INSERT INTO A_MIEMBROACTIVO(IDMIEMBROACTIVO, CARNET, TIPO)
VALUES (1717171717, '20223456', 'Empleado');

INSERT INTO A_MIEMBROACTIVO(IDMIEMBROACTIVO, CARNET, TIPO)
VALUES (3333333333, '20203658', 'Estudiante');

INSERT INTO A_MIEMBROACTIVO(IDMIEMBROACTIVO, CARNET, TIPO)
VALUES (1919191919, '20221432', 'Profesor visitante');

INSERT INTO A_MIEMBROACTIVO(IDMIEMBROACTIVO, CARNET, TIPO)
VALUES (2020202020, '20212345', 'Empleado');

INSERT INTO A_MIEMBROACTIVO(IDMIEMBROACTIVO, CARNET, TIPO)
VALUES (2121212121, '20223564', 'Estudiante');

INSERT INTO A_MIEMBROACTIVO(IDMIEMBROACTIVO, CARNET, TIPO)
VALUES (2222222222, '20210132', 'Profesor titular');

INSERT INTO A_MIEMBROSECUNDARIO(IDMIEMBROSECUNDARIO, TIPO) 
VALUES (2323232323, 'Egresado' );

INSERT INTO A_MIEMBROSECUNDARIO(IDMIEMBROSECUNDARIO, TIPO)
VALUES (2424242424, 'Egresado' );

INSERT INTO A_MIEMBROSECUNDARIO(IDMIEMBROSECUNDARIO, TIPO)
VALUES (2525252525, 'Invitado' );

INSERT INTO A_MIEMBROSECUNDARIO(IDMIEMBROSECUNDARIO, TIPO)
VALUES (2626262626, 'Padre' );

INSERT INTO A_MIEMBROSECUNDARIO(IDMIEMBROSECUNDARIO, TIPO)
VALUES (2727272727, 'Egresado' );

INSERT INTO A_MIEMBROSECUNDARIO(IDMIEMBROSECUNDARIO, TIPO)
VALUES (2828282828, 'Egresado' );

INSERT INTO A_MIEMBROSECUNDARIO(IDMIEMBROSECUNDARIO, TIPO)
VALUES (2929292929, 'Invitado' );

INSERT INTO A_MIEMBROSECUNDARIO(IDMIEMBROSECUNDARIO, TIPO)
VALUES (3030303030, 'Padre' );

INSERT INTO A_MIEMBROSECUNDARIO(IDMIEMBROSECUNDARIO, TIPO)
VALUES (3131313131, 'Egresado' );

INSERT INTO A_MIEMBROSECUNDARIO(IDMIEMBROSECUNDARIO, TIPO)
VALUES (3232323232, 'Invitado' );