-- Operadores
INSERT INTO A_OPERADOR(IDOPERADOR, TELEFONO, TIPOVINCULACION) 
VALUES (1, '3181341791', 'Estudiante');

INSERT INTO A_OPERADOR(IDOPERADOR, TELEFONO, TIPOVINCULACION) 
VALUES (2, '3181341792', 'Profesor');

INSERT INTO A_OPERADOR(IDOPERADOR, TELEFONO, TIPOVINCULACION) 
VALUES (3, '3181341793', 'Egresado');

INSERT INTO A_OPERADOR(IDOPERADOR, TELEFONO, TIPOVINCULACION) 
VALUES (4, '3181341794', 'Profesor');

INSERT INTO A_OPERADOR(IDOPERADOR, TELEFONO, TIPOVINCULACION) 
VALUES (5, '3181341795', 'Empleado');

INSERT INTO A_OPERADOR(IDOPERADOR, TELEFONO, TIPOVINCULACION) 
VALUES (6, '3181341796', 'Padre');

INSERT INTO A_OPERADOR(IDOPERADOR, TELEFONO, TIPOVINCULACION) 
VALUES (7, '3181341797', 'Estudiante');

INSERT INTO A_OPERADOR(IDOPERADOR, TELEFONO, TIPOVINCULACION) 
VALUES (8, '3181341798', 'Empleado');

INSERT INTO A_OPERADOR(IDOPERADOR, TELEFONO, TIPOVINCULACION) 
VALUES (9, '3181341799', 'Profesor');

INSERT INTO A_OPERADOR(IDOPERADOR, TELEFONO, TIPOVINCULACION) 
VALUES (10, '3181341700', 'Egresado');

INSERT INTO A_OPERADOR(IDOPERADOR, TELEFONO, TIPOVINCULACION) 
VALUES (11, '3181341701', 'Estudiante');

INSERT INTO A_OPERADOR(IDOPERADOR, TELEFONO, TIPOVINCULACION) 
VALUES (12, '3181341702', 'Empleado');

INSERT INTO A_OPERADOR(IDOPERADOR, TELEFONO, TIPOVINCULACION) 
VALUES (13, '3181341703', 'Profesor');

INSERT INTO A_OPERADOR(IDOPERADOR, TELEFONO, TIPOVINCULACION) 
VALUES (14, '3181341704', 'Egresado');

INSERT INTO A_OPERADOR(IDOPERADOR, TELEFONO, TIPOVINCULACION) 
VALUES (15, '3181341705', 'Estudiante');

INSERT INTO A_OPERADOR(IDOPERADOR, TELEFONO, TIPOVINCULACION) 
VALUES (16, '3181341706', 'Empleado');

INSERT INTO A_OPERADOR(IDOPERADOR, TELEFONO, TIPOVINCULACION) 
VALUES (17, '3181341707', 'Profesor');

INSERT INTO A_OPERADOR(IDOPERADOR, TELEFONO, TIPOVINCULACION) 
VALUES (18, '3181341708', 'Egresado');

INSERT INTO A_OPERADOR(IDOPERADOR, TELEFONO, TIPOVINCULACION) 
VALUES (19, '3181341709', 'Estudiante');

INSERT INTO A_OPERADOR(IDOPERADOR, TELEFONO, TIPOVINCULACION) 
VALUES (20, '3181341710', 'Empleado');

INSERT INTO A_OPERADOR(IDOPERADOR, TELEFONO, TIPOVINCULACION) 
VALUES (21, '3181341711', 'Profesor');

INSERT INTO A_OPERADOR(IDOPERADOR, TELEFONO, TIPOVINCULACION) 
VALUES (22, '3181341712', 'Egresado');

INSERT INTO A_OPERADOR(IDOPERADOR, TELEFONO, TIPOVINCULACION) 
VALUES (23, '3181341713', 'Estudiante');

INSERT INTO A_OPERADOR(IDOPERADOR, TELEFONO, TIPOVINCULACION) 
VALUES (24, '3181341714', 'Empleado');

INSERT INTO A_OPERADOR(IDOPERADOR, TELEFONO, TIPOVINCULACION) 
VALUES (25, '3181341715', 'Profesor');

INSERT INTO A_OPERADOR(IDOPERADOR, TELEFONO, TIPOVINCULACION) 
VALUES (26, '3181341716', 'Egresado');

INSERT INTO A_OPERADOR(IDOPERADOR, TELEFONO, TIPOVINCULACION) 
VALUES (27, '3181341717', 'Estudiante');

INSERT INTO A_OPERADOR(IDOPERADOR, TELEFONO, TIPOVINCULACION) 
VALUES (28, '3181341718', 'Empleado');

INSERT INTO A_OPERADOR(IDOPERADOR, TELEFONO, TIPOVINCULACION) 
VALUES (29, '3181341719', 'Profesor');

INSERT INTO A_OPERADOR(IDOPERADOR, TELEFONO, TIPOVINCULACION) 
VALUES (30, '3181341720', 'Padre');
-- Propietarios
INSERT INTO A_PROPIETARIO(IDOPERADOR, IDENTIFICACION, TIPOIDENTIFICACION, NOMBREPROPIETARIO)
VALUES (1, '1023456789', 'CC', 'Juan Perez');

INSERT INTO A_PROPIETARIO(IDOPERADOR, IDENTIFICACION, TIPOIDENTIFICACION, NOMBREPROPIETARIO)
VALUES (3, '3345678901', 'TI', 'Pedro Torres');

INSERT INTO A_PROPIETARIO(IDOPERADOR, IDENTIFICACION, TIPOIDENTIFICACION, NOMBREPROPIETARIO)
VALUES (4, '4456789012', 'CC', 'Ana González');

INSERT INTO A_PROPIETARIO(IDOPERADOR, IDENTIFICACION, TIPOIDENTIFICACION, NOMBREPROPIETARIO)
VALUES (5, '5567890123', 'PA', 'Juanita Garcia');

INSERT INTO A_PROPIETARIO(IDOPERADOR, IDENTIFICACION, TIPOIDENTIFICACION, NOMBREPROPIETARIO)
VALUES (6, '6678901234', 'CC', 'Pedro Gomez');

INSERT INTO A_PROPIETARIO(IDOPERADOR, IDENTIFICACION, TIPOIDENTIFICACION, NOMBREPROPIETARIO)
VALUES (7, '7789012345', 'CC', 'Luisa Suarez');

INSERT INTO A_PROPIETARIO(IDOPERADOR, IDENTIFICACION, TIPOIDENTIFICACION, NOMBREPROPIETARIO)
VALUES (8, '8890123456', 'TI', 'Carmen Sánchez');


INSERT INTO A_PROPIETARIO(IDOPERADOR, IDENTIFICACION, TIPOIDENTIFICACION, NOMBREPROPIETARIO)
VALUES (10, '0112345678', 'CC', 'Laura Hernandez');

INSERT INTO A_PROPIETARIO(IDOPERADOR, IDENTIFICACION, TIPOIDENTIFICACION, NOMBREPROPIETARIO)
VALUES (11, '1223456789', 'CC', 'Juanita Torres');

INSERT INTO A_PROPIETARIO(IDOPERADOR, IDENTIFICACION, TIPOIDENTIFICACION, NOMBREPROPIETARIO)
VALUES (12, '2334567890', 'TI', 'Pedro Morales');

INSERT INTO A_PROPIETARIO(IDOPERADOR, IDENTIFICACION, TIPOIDENTIFICACION, NOMBREPROPIETARIO)
VALUES (13, '3445678901', 'CC', 'Ana Maria Alvarez');

INSERT INTO A_PROPIETARIO(IDOPERADOR, IDENTIFICACION, TIPOIDENTIFICACION, NOMBREPROPIETARIO)
VALUES (14, '4556789012', 'CC', 'Felipe Castro');

INSERT INTO A_PROPIETARIO(IDOPERADOR, IDENTIFICACION, TIPOIDENTIFICACION, NOMBREPROPIETARIO)
VALUES (16, '5667890123', 'CC', 'Sofía Muñoz');

INSERT INTO A_PROPIETARIO(IDOPERADOR, IDENTIFICACION, TIPOIDENTIFICACION, NOMBREPROPIETARIO)
VALUES (17, '901234567', 'CC', 'María Fernández');

INSERT INTO A_PROPIETARIO(IDOPERADOR, IDENTIFICACION, TIPOIDENTIFICACION, NOMBREPROPIETARIO)
VALUES (19, '345678901', 'CC', 'Carlos Gómez');

INSERT INTO A_PROPIETARIO(IDOPERADOR, IDENTIFICACION, TIPOIDENTIFICACION, NOMBREPROPIETARIO)
VALUES (20, '678901234', 'CC', 'Luisa Torres');

INSERT INTO A_PROPIETARIO(IDOPERADOR, IDENTIFICACION, TIPOIDENTIFICACION, NOMBREPROPIETARIO)
VALUES (22, '234567890', 'CC', 'Juan Carlos Martínez');

INSERT INTO A_PROPIETARIO(IDOPERADOR, IDENTIFICACION, TIPOIDENTIFICACION, NOMBREPROPIETARIO)
VALUES (23, '567890123', 'CC', 'Laura Giraldo');

INSERT INTO A_PROPIETARIO(IDOPERADOR, IDENTIFICACION, TIPOIDENTIFICACION, NOMBREPROPIETARIO)
VALUES (25, '123456789', 'CC', 'Santiago Restrepo');

INSERT INTO A_PROPIETARIO(IDOPERADOR, IDENTIFICACION, TIPOIDENTIFICACION, NOMBREPROPIETARIO)
VALUES (26, '456789012', 'CC', 'Mauricio Sánchez');

INSERT INTO A_PROPIETARIO(IDOPERADOR, IDENTIFICACION, TIPOIDENTIFICACION, NOMBREPROPIETARIO)
VALUES (28, '890123456', 'CC', 'Fabiola Torres');

INSERT INTO A_PROPIETARIO(IDOPERADOR, IDENTIFICACION, TIPOIDENTIFICACION, NOMBREPROPIETARIO)
VALUES (29, '234567890', 'CC', 'Javier López');

INSERT INTO A_PROPIETARIO(IDOPERADOR, IDENTIFICACION, TIPOIDENTIFICACION, NOMBREPROPIETARIO)
VALUES (30, '567890123', 'CC', 'Martha Gómez');
-- Empresas
INSERT INTO A_EMPRESA(IDOPERADOR, NIT, NOMBREEMPRESA)
VALUES (2, '10122012334-4', 'Colpatria');

INSERT INTO A_EMPRESA(IDOPERADOR, NIT, NOMBREEMPRESA)
VALUES (9, '876543210-1', 'Bancolombia');

INSERT INTO A_EMPRESA(IDOPERADOR, NIT, NOMBREEMPRESA)
VALUES (15, '123456789-0', 'Carvajal');

INSERT INTO A_EMPRESA(IDOPERADOR, NIT, NOMBREEMPRESA)
VALUES (21, '456789012-1', 'Éxito');

INSERT INTO A_EMPRESA(IDOPERADOR, NIT, NOMBREEMPRESA)
VALUES (27, '987654321-0', 'Terpel');

INSERT INTO A_EMPRESA(IDOPERADOR, NIT, NOMBREEMPRESA)
VALUES (18, '112233445-5', 'Facebook');

INSERT INTO A_EMPRESA(IDOPERADOR, NIT, NOMBREEMPRESA)
VALUES (24, '998877665-5', 'Apple');
-- Clientes
INSERT INTO A_CLIENTE(IDCLIENTE, TIPOIDENTIFICACION, NOMBRECLIENTE, FECHANACIMIENTO) 
VALUES (1111111111, 'TI', 'Alvaro Gutierrez' ,TO_DATE('2000-11-21', 'YYYY-MM-DD'));

INSERT INTO A_CLIENTE(IDCLIENTE, TIPOIDENTIFICACION, NOMBRECLIENTE, FECHANACIMIENTO) 
VALUES (1212121212, 'PA', 'Maria Jimenez' ,TO_DATE('1985-07-13', 'YYYY-MM-DD'));

INSERT INTO A_CLIENTE(IDCLIENTE, TIPOIDENTIFICACION, NOMBRECLIENTE, FECHANACIMIENTO) 
VALUES (1313131313, 'CC', 'Esteban Gómez' ,TO_DATE('1999-09-05', 'YYYY-MM-DD'));

INSERT INTO A_CLIENTE(IDCLIENTE, TIPOIDENTIFICACION, NOMBRECLIENTE, FECHANACIMIENTO) 
VALUES (1414141414, 'CC', 'Catalina Rodriguez' ,TO_DATE('1989-02-18', 'YYYY-MM-DD'));

INSERT INTO A_CLIENTE(IDCLIENTE, TIPOIDENTIFICACION, NOMBRECLIENTE, FECHANACIMIENTO) 
VALUES (1515151515, 'TI', 'Santiago Hernandez' ,TO_DATE('1996-10-30', 'YYYY-MM-DD'));

INSERT INTO A_CLIENTE(IDCLIENTE, TIPOIDENTIFICACION, NOMBRECLIENTE, FECHANACIMIENTO) 
VALUES (1616161616, 'CC', 'Valentina Garcia' ,TO_DATE('1987-04-22', 'YYYY-MM-DD'));

INSERT INTO A_CLIENTE(IDCLIENTE, TIPOIDENTIFICACION, NOMBRECLIENTE, FECHANACIMIENTO) 
VALUES (1717171717, 'TI', 'Camila Castro' ,TO_DATE('1995-12-07', 'YYYY-MM-DD'));

INSERT INTO A_CLIENTE(IDCLIENTE, TIPOIDENTIFICACION, NOMBRECLIENTE, FECHANACIMIENTO) 
VALUES (1919191919, 'CC', 'Andres Perez' ,TO_DATE('1998-08-11', 'YYYY-MM-DD'));

INSERT INTO A_CLIENTE(IDCLIENTE, TIPOIDENTIFICACION, NOMBRECLIENTE, FECHANACIMIENTO) 
VALUES (2020202020, 'PA', 'Elena Soto' ,TO_DATE('1976-06-02', 'YYYY-MM-DD'));

INSERT INTO A_CLIENTE(IDCLIENTE, TIPOIDENTIFICACION, NOMBRECLIENTE, FECHANACIMIENTO) 
VALUES (2121212121, 'CC', 'Manuel Rodriguez' ,TO_DATE('1982-03-15', 'YYYY-MM-DD'));

INSERT INTO A_CLIENTE(IDCLIENTE, TIPOIDENTIFICACION, NOMBRECLIENTE, FECHANACIMIENTO) 
VALUES (2222222222, 'TI', 'Cristina Ramirez' ,TO_DATE('1994-01-28', 'YYYY-MM-DD'));

INSERT INTO A_CLIENTE(IDCLIENTE, TIPOIDENTIFICACION, NOMBRECLIENTE, FECHANACIMIENTO) 
VALUES (2323232323, 'CC', 'Jorge Rojas' ,TO_DATE('1980-09-02', 'YYYY-MM-DD'));

INSERT INTO A_CLIENTE(IDCLIENTE, TIPOIDENTIFICACION, NOMBRECLIENTE, FECHANACIMIENTO) 
VALUES (2424242424, 'CC', 'Catalina López' ,TO_DATE('1995-07-15', 'YYYY-MM-DD'));

INSERT INTO A_CLIENTE(IDCLIENTE, TIPOIDENTIFICACION, NOMBRECLIENTE, FECHANACIMIENTO) 
VALUES (2525252525, 'CC', 'Fernando Ramírez' ,TO_DATE('1991-03-18', 'YYYY-MM-DD'));

INSERT INTO A_CLIENTE(IDCLIENTE, TIPOIDENTIFICACION, NOMBRECLIENTE, FECHANACIMIENTO) 
VALUES (2626262626, 'PA', 'María González' ,TO_DATE('1987-12-10', 'YYYY-MM-DD'));

INSERT INTO A_CLIENTE(IDCLIENTE, TIPOIDENTIFICACION, NOMBRECLIENTE, FECHANACIMIENTO) 
VALUES (2727272727, 'TI', 'Carlos Torres' ,TO_DATE('2002-02-28', 'YYYY-MM-DD'));

INSERT INTO A_CLIENTE(IDCLIENTE, TIPOIDENTIFICACION, NOMBRECLIENTE, FECHANACIMIENTO) 
VALUES (2828282828, 'CC', 'Angela García' ,TO_DATE('1998-05-12', 'YYYY-MM-DD'));

INSERT INTO A_CLIENTE(IDCLIENTE, TIPOIDENTIFICACION, NOMBRECLIENTE, FECHANACIMIENTO) 
VALUES (2929292929, 'PA', 'Luisa Martinez' ,TO_DATE('1993-11-30', 'YYYY-MM-DD'));

INSERT INTO A_CLIENTE(IDCLIENTE, TIPOIDENTIFICACION, NOMBRECLIENTE, FECHANACIMIENTO) 
VALUES (3030303030, 'TI', 'Miguel Ramos' ,TO_DATE('2004-08-23', 'YYYY-MM-DD'));

INSERT INTO A_CLIENTE(IDCLIENTE, TIPOIDENTIFICACION, NOMBRECLIENTE, FECHANACIMIENTO) 
VALUES (3131313131, 'CC', 'Paula Sanchez' ,TO_DATE('1996-02-09', 'YYYY-MM-DD'));

INSERT INTO A_CLIENTE(IDCLIENTE, TIPOIDENTIFICACION, NOMBRECLIENTE, FECHANACIMIENTO) 
VALUES (3232323232, 'PA', 'Andrés Castro' ,TO_DATE('1989-09-20', 'YYYY-MM-DD'));

INSERT INTO A_CLIENTE(IDCLIENTE, TIPOIDENTIFICACION, NOMBRECLIENTE, FECHANACIMIENTO) 
VALUES (3333333333, 'CC', 'Carolina Diaz' ,TO_DATE('1994-06-07', 'YYYY-MM-DD'));

INSERT INTO A_MIEMBROACTIVO(IDMIEMBROACTIVO, CARNET, TIPO) 
VALUES (1111111111, '20196588', 'Empleado');

INSERT INTO A_MIEMBROACTIVO(IDMIEMBROACTIVO, CARNET, TIPO)
VALUES (1212121212, '20214356', 'Estudiante');

INSERT INTO A_MIEMBROACTIVO(IDMIEMBROACTIVO, CARNET, TIPO)
VALUES (1313131313, '20193344', 'Profesor visitante');

INSERT INTO A_MIEMBROACTIVO(IDMIEMBROACTIVO, CARNET, TIPO)
VALUES (1414141414, '20200123', 'Empleado');

INSERT INTO A_MIEMBROACTIVO(IDMIEMBROACTIVO, CARNET, TIPO)
VALUES (1515151515, '20211001', 'Estudiante');

INSERT INTO A_MIEMBROACTIVO(IDMIEMBROACTIVO, CARNET, TIPO)
VALUES (1616161616, '20201320', 'Profesor visitante');

INSERT INTO A_MIEMBROACTIVO(IDMIEMBROACTIVO, CARNET, TIPO)
VALUES (1717171717, '20223456', 'Empleado');

INSERT INTO A_MIEMBROACTIVO(IDMIEMBROACTIVO, CARNET, TIPO)
VALUES (3333333333, '20203658', 'Estudiante');

INSERT INTO A_MIEMBROACTIVO(IDMIEMBROACTIVO, CARNET, TIPO)
VALUES (1919191919, '20221432', 'Profesor visitante');

INSERT INTO A_MIEMBROACTIVO(IDMIEMBROACTIVO, CARNET, TIPO)
VALUES (2020202020, '20212345', 'Empleado');

INSERT INTO A_MIEMBROACTIVO(IDMIEMBROACTIVO, CARNET, TIPO)
VALUES (2121212121, '20223564', 'Estudiante');

INSERT INTO A_MIEMBROACTIVO(IDMIEMBROACTIVO, CARNET, TIPO)
VALUES (2222222222, '20210132', 'Profesor titular');

INSERT INTO A_MIEMBROSECUNDARIO(IDMIEMBROSECUNDARIO, TIPO) 
VALUES (2323232323, 'Egresado' );

INSERT INTO A_MIEMBROSECUNDARIO(IDMIEMBROSECUNDARIO, TIPO)
VALUES (2424242424, 'Egresado' );

INSERT INTO A_MIEMBROSECUNDARIO(IDMIEMBROSECUNDARIO, TIPO)
VALUES (2525252525, 'Invitado' );

INSERT INTO A_MIEMBROSECUNDARIO(IDMIEMBROSECUNDARIO, TIPO)
VALUES (2626262626, 'Padre' );

INSERT INTO A_MIEMBROSECUNDARIO(IDMIEMBROSECUNDARIO, TIPO)
VALUES (2727272727, 'Egresado' );

INSERT INTO A_MIEMBROSECUNDARIO(IDMIEMBROSECUNDARIO, TIPO)
VALUES (2828282828, 'Egresado' );

INSERT INTO A_MIEMBROSECUNDARIO(IDMIEMBROSECUNDARIO, TIPO)
VALUES (2929292929, 'Invitado' );

INSERT INTO A_MIEMBROSECUNDARIO(IDMIEMBROSECUNDARIO, TIPO)
VALUES (3030303030, 'Padre' );

INSERT INTO A_MIEMBROSECUNDARIO(IDMIEMBROSECUNDARIO, TIPO)
VALUES (3131313131, 'Egresado' );

INSERT INTO A_MIEMBROSECUNDARIO(IDMIEMBROSECUNDARIO, TIPO)
VALUES (3232323232, 'Invitado' );
-- Servicios
INSERT INTO A_SERVICIO(IDSERVICIO, NOMBRE, COSTO) VALUES (1, 'Lavanderia' , 25000);
INSERT INTO A_SERVICIO(IDSERVICIO, NOMBRE, COSTO) VALUES (2, 'Limpieza diaria', 15000);
INSERT INTO A_SERVICIO(IDSERVICIO, NOMBRE, COSTO) VALUES (3, 'Seguridad 24 horas', 0);
INSERT INTO A_SERVICIO(IDSERVICIO, NOMBRE, COSTO) VALUES (4, 'Gimnasio', 0);
INSERT INTO A_SERVICIO(IDSERVICIO, NOMBRE, COSTO) VALUES (5, 'Piscina', 0);
INSERT INTO A_SERVICIO(IDSERVICIO, NOMBRE, COSTO) VALUES (6, 'Transporte', 35000);
INSERT INTO A_SERVICIO(IDSERVICIO, NOMBRE, COSTO) VALUES (7, 'Cocineta', 0);
INSERT INTO A_SERVICIO(IDSERVICIO, NOMBRE, COSTO) VALUES (8, 'Internet de alta velocidad', 25000);
INSERT INTO A_SERVICIO(IDSERVICIO, NOMBRE, COSTO) VALUES (9, 'TV por cable', 15000);
INSERT INTO A_SERVICIO(IDSERVICIO, NOMBRE, COSTO) VALUES (10, 'Estacionamiento', 15000);
INSERT INTO A_SERVICIO(IDSERVICIO, NOMBRE, COSTO) VALUES (11, 'Lavanderia', 0);
INSERT INTO A_SERVICIO(IDSERVICIO, NOMBRE, COSTO) VALUES (12, 'Amoblado', 0);
INSERT INTO A_SERVICIO(IDSERVICIO, NOMBRE, COSTO) VALUES (13, 'Masajes', 60000);
INSERT INTO A_SERVICIO(IDSERVICIO, NOMBRE, COSTO) VALUES (14, 'Renta de bicicletas', 20000);
INSERT INTO A_SERVICIO(IDSERVICIO, NOMBRE, COSTO) VALUES (15, 'Servicio de conserjería', 25000);
INSERT INTO A_SERVICIO(IDSERVICIO, NOMBRE, COSTO) VALUES (16, 'Alquiler de equipo deportivo', 40000);
INSERT INTO A_SERVICIO(IDSERVICIO, NOMBRE, COSTO) VALUES (17, 'Servicio de limpieza semanal', 10000);
INSERT INTO A_SERVICIO(IDSERVICIO, NOMBRE, COSTO) VALUES (18, 'Alquiler de equipos electrónicos', 30000);
INSERT INTO A_SERVICIO(IDSERVICIO, NOMBRE, COSTO) VALUES (19, 'Mantenimiento y reparación', 50000);
INSERT INTO A_SERVICIO(IDSERVICIO, NOMBRE, COSTO) VALUES (20, 'Servicio de catering', 70000);
INSERT INTO A_SERVICIO(IDSERVICIO, NOMBRE, COSTO) VALUES (21, 'Amoblado', 40000);
INSERT INTO A_SERVICIO(IDSERVICIO, NOMBRE, COSTO) VALUES (22, 'Mantenimiento de jardín', 25000);
INSERT INTO A_SERVICIO(IDSERVICIO, NOMBRE, COSTO) VALUES (23, 'Limpieza diaria', 0);
INSERT INTO A_SERVICIO(IDSERVICIO, NOMBRE, COSTO) VALUES (24, 'Transporte', 0);
INSERT INTO A_SERVICIO(IDSERVICIO, NOMBRE, COSTO) VALUES (25, 'Cocineta', 20000);
INSERT INTO A_SERVICIO(IDSERVICIO, NOMBRE, COSTO) VALUES (26, 'Internet de alta velocidad', 0);
-- Alojamientos
INSERT INTO A_ALOJAMIENTO(IDALOJAMIENTO, NOMBRE, CAPACIDAD, UBICACION, TAMANO, PRECIONOCHE, OCUPACIONACTUAL, NUMRESERVAS, IDOPERADOR)
VALUES (1, 'Cielo Azul', 20, 'Sur', 100, 80000, 3, 1, 1);

INSERT INTO A_ALOJAMIENTO(IDALOJAMIENTO, NOMBRE, CAPACIDAD, UBICACION, TAMANO, PRECIONOCHE, OCUPACIONACTUAL, NUMRESERVAS, IDOPERADOR)
VALUES (2, 'Oasis Tropical', 1, 'Este', 1, 100000, 1, 2, 2);

INSERT INTO A_ALOJAMIENTO(IDALOJAMIENTO, NOMBRE, CAPACIDAD, UBICACION, TAMANO, PRECIONOCHE, OCUPACIONACTUAL, NUMRESERVAS, IDOPERADOR)
VALUES (3, 'Casa del Mar', 4, 'Norte', 30, 50000, 2, 3, 3);

INSERT INTO A_ALOJAMIENTO(IDALOJAMIENTO, NOMBRE, CAPACIDAD, UBICACION, TAMANO, PRECIONOCHE, OCUPACIONACTUAL, NUMRESERVAS, IDOPERADOR)
VALUES (4, 'El Faro', 10, 'Sur', 70, 90000, 6, 4, 4);

INSERT INTO A_ALOJAMIENTO(IDALOJAMIENTO, NOMBRE, CAPACIDAD, UBICACION, TAMANO, PRECIONOCHE, OCUPACIONACTUAL, NUMRESERVAS, IDOPERADOR)
VALUES (5, 'Villa Serena', 30, 'Este', 150, 120000, 15, 5, 5);

INSERT INTO A_ALOJAMIENTO(IDALOJAMIENTO, NOMBRE, CAPACIDAD, UBICACION, TAMANO, PRECIONOCHE, OCUPACIONACTUAL, NUMRESERVAS, IDOPERADOR)
VALUES (6, 'La Perla del Caribe', 5, 'Oeste', 40, 60000, 4, 6, 6);

INSERT INTO A_ALOJAMIENTO(IDALOJAMIENTO, NOMBRE, CAPACIDAD, UBICACION, TAMANO, PRECIONOCHE, OCUPACIONACTUAL, NUMRESERVAS, IDOPERADOR)
VALUES (7, 'El Paraíso', 2, 'Norte', 20, 40000, 2, 7, 7);

INSERT INTO A_ALOJAMIENTO(IDALOJAMIENTO, NOMBRE, CAPACIDAD, UBICACION, TAMANO, PRECIONOCHE, OCUPACIONACTUAL, NUMRESERVAS, IDOPERADOR)
VALUES (8, 'Los Tres Hermanos', 8, 'Este', 60, 70000, 6, 8, 8);

INSERT INTO A_ALOJAMIENTO(IDALOJAMIENTO, NOMBRE, CAPACIDAD, UBICACION, TAMANO, PRECIONOCHE, OCUPACIONACTUAL, NUMRESERVAS, IDOPERADOR)
VALUES (9, 'La Casa Blanca', 12, 'Sur', 90,250000, 5, 9, 9);

INSERT INTO A_ALOJAMIENTO(IDALOJAMIENTO, NOMBRE, CAPACIDAD, UBICACION, TAMANO, PRECIONOCHE, OCUPACIONACTUAL, NUMRESERVAS, IDOPERADOR)
VALUES (10, 'Finca El Encanto', 8, 'Oeste', 70, 200000, 2, 10, 10);

INSERT INTO A_ALOJAMIENTO(IDALOJAMIENTO, NOMBRE, CAPACIDAD, UBICACION, TAMANO, PRECIONOCHE, OCUPACIONACTUAL, NUMRESERVAS, IDOPERADOR)
VALUES (11, 'Hotel La Estancia', 14, 'Norte', 100, 300000, 8, 11, 11);

INSERT INTO A_ALOJAMIENTO(IDALOJAMIENTO, NOMBRE, CAPACIDAD, UBICACION, TAMANO, PRECIONOCHE, OCUPACIONACTUAL, NUMRESERVAS, IDOPERADOR)
VALUES (12, 'Hacienda San Miguel', 4, 'Este', 60, 150000, 1, 12, 12);

INSERT INTO A_ALOJAMIENTO(IDALOJAMIENTO, NOMBRE, CAPACIDAD, UBICACION, TAMANO, PRECIONOCHE, OCUPACIONACTUAL, NUMRESERVAS, IDOPERADOR)
VALUES (13, 'Rancho Las Palmas', 2, 'Norte', 30, 80000, 4, 13, 13);

INSERT INTO A_ALOJAMIENTO(IDALOJAMIENTO, NOMBRE, CAPACIDAD, UBICACION, TAMANO, PRECIONOCHE, OCUPACIONACTUAL, NUMRESERVAS, IDOPERADOR)
VALUES (14, 'Posada Los Amigos', 6, 'Sur', 80, 120000, 3, 14, 14);

INSERT INTO A_ALOJAMIENTO(IDALOJAMIENTO, NOMBRE, CAPACIDAD, UBICACION, TAMANO, PRECIONOCHE, OCUPACIONACTUAL, NUMRESERVAS, IDOPERADOR)
VALUES (15, 'Posada La Hacienda', 18, 'Este', 120, 350000, 9, 15, 15);

INSERT INTO A_ALOJAMIENTO(IDALOJAMIENTO, NOMBRE, CAPACIDAD, UBICACION, TAMANO, PRECIONOCHE, OCUPACIONACTUAL, NUMRESERVAS, IDOPERADOR)
VALUES (16, 'Hostal San Pedro', 10, 'Oeste', 90, 180000, 5, 16, 16);

INSERT INTO A_ALOJAMIENTO(IDALOJAMIENTO, NOMBRE, CAPACIDAD, UBICACION, TAMANO, PRECIONOCHE, OCUPACIONACTUAL, NUMRESERVAS, IDOPERADOR)
VALUES (17, 'El Refugio', 14, 'Norte', 100, 280000, 6, 17, 17);

INSERT INTO A_ALOJAMIENTO(IDALOJAMIENTO, NOMBRE, CAPACIDAD, UBICACION, TAMANO, PRECIONOCHE, OCUPACIONACTUAL, NUMRESERVAS, IDOPERADOR)
VALUES (18, 'La Cabaña del Bosque', 22, 'Sur', 130, 450000, 12, 18, 18);

INSERT INTO A_ALOJAMIENTO(IDALOJAMIENTO, NOMBRE, CAPACIDAD, UBICACION, TAMANO, PRECIONOCHE, OCUPACIONACTUAL, NUMRESERVAS, IDOPERADOR )
VALUES (19, 'Casa de Campo', 6, 'Norte', 80, 60000, 2, 19, 19);

INSERT INTO A_ALOJAMIENTO(IDALOJAMIENTO, NOMBRE, CAPACIDAD, UBICACION, TAMANO, PRECIONOCHE, OCUPACIONACTUAL, NUMRESERVAS, IDOPERADOR )
VALUES (20, 'La Quinta del Sol', 8, 'Este', 70, 75000, 1, 20, 20);

INSERT INTO A_ALOJAMIENTO(IDALOJAMIENTO, NOMBRE, CAPACIDAD, UBICACION, TAMANO, PRECIONOCHE, OCUPACIONACTUAL, NUMRESERVAS, IDOPERADOR )
VALUES (21, 'Betelgeuse', 10, 'Oeste', 85, 90000, 4, 21, 21);

INSERT INTO A_ALOJAMIENTO(IDALOJAMIENTO, NOMBRE, CAPACIDAD, UBICACION, TAMANO, PRECIONOCHE, OCUPACIONACTUAL, NUMRESERVAS, IDOPERADOR )
VALUES (22, 'Alpha Centauri', 2, 'Norte', 30, 50000, 2, 22, 22);

INSERT INTO A_ALOJAMIENTO(IDALOJAMIENTO, NOMBRE, CAPACIDAD, UBICACION, TAMANO, PRECIONOCHE, OCUPACIONACTUAL, NUMRESERVAS, IDOPERADOR )
VALUES (23, 'Vega', 4, 'Sur', 40, 35000, 10, 23, 23);

INSERT INTO A_ALOJAMIENTO(IDALOJAMIENTO, NOMBRE, CAPACIDAD, UBICACION, TAMANO, PRECIONOCHE, OCUPACIONACTUAL, NUMRESERVAS, IDOPERADOR )
VALUES (24, 'Andromeda', 15, 'Este', 120, 120000, 5, 24, 24);

INSERT INTO A_ALOJAMIENTO(IDALOJAMIENTO, NOMBRE, CAPACIDAD, UBICACION, TAMANO, PRECIONOCHE, OCUPACIONACTUAL, NUMRESERVAS, IDOPERADOR )
VALUES (25, 'Proxima Centauri', 1, 'Oeste', 20, 40000, 1, 25, 25);

INSERT INTO A_ALOJAMIENTO(IDALOJAMIENTO, NOMBRE, CAPACIDAD, UBICACION, TAMANO, PRECIONOCHE, OCUPACIONACTUAL, NUMRESERVAS, IDOPERADOR )
VALUES (26, 'Cassiopeia', 12, 'Norte', 95, 85000, 2, 26, 26);

INSERT INTO A_ALOJAMIENTO(IDALOJAMIENTO, NOMBRE, CAPACIDAD, UBICACION, TAMANO, PRECIONOCHE, OCUPACIONACTUAL, NUMRESERVAS, IDOPERADOR )
VALUES (27, 'Aldebaran', 8, 'Este', 70, 70000, 1, 27, 27);

INSERT INTO A_ALOJAMIENTO(IDALOJAMIENTO, NOMBRE, CAPACIDAD, UBICACION, TAMANO, PRECIONOCHE, OCUPACIONACTUAL, NUMRESERVAS, IDOPERADOR)
VALUES (28, 'Plutón', 2, 'Norte', 30, 90000, 0, 28, 28);

INSERT INTO A_ALOJAMIENTO(IDALOJAMIENTO, NOMBRE, CAPACIDAD, UBICACION, TAMANO, PRECIONOCHE, OCUPACIONACTUAL, NUMRESERVAS, IDOPERADOR)
VALUES (29, 'Venus', 8, 'Sur', 60, 110000, 2, 29, 29);

INSERT INTO A_ALOJAMIENTO(IDALOJAMIENTO, NOMBRE, CAPACIDAD, UBICACION, TAMANO, PRECIONOCHE, OCUPACIONACTUAL, NUMRESERVAS, IDOPERADOR)
VALUES (30, 'Mercurio', 3, 'Este', 35, 95000, 1, 30, 30);

INSERT INTO A_ALOJAMIENTO(IDALOJAMIENTO, NOMBRE, CAPACIDAD, UBICACION, TAMANO, PRECIONOCHE, OCUPACIONACTUAL, NUMRESERVAS, IDOPERADOR)
VALUES (31, 'Júpiter', 10, 'Norte', 70, 150000, 5, 3, 1);

INSERT INTO A_ALOJAMIENTO(IDALOJAMIENTO, NOMBRE, CAPACIDAD, UBICACION, TAMANO, PRECIONOCHE, OCUPACIONACTUAL, NUMRESERVAS, IDOPERADOR)
VALUES (32, 'Tierra', 4, 'Este', 40, 100000, 1, 1, 2);

INSERT INTO A_ALOJAMIENTO(IDALOJAMIENTO, NOMBRE, CAPACIDAD, UBICACION, TAMANO, PRECIONOCHE, OCUPACIONACTUAL, NUMRESERVAS, IDOPERADOR)
VALUES (33, 'Mars', 6, 'Oeste', 50, 130000, 5, 0, 3);

INSERT INTO A_ALOJAMIENTO(IDALOJAMIENTO, NOMBRE, CAPACIDAD, UBICACION, TAMANO, PRECIONOCHE, OCUPACIONACTUAL, NUMRESERVAS, IDOPERADOR)
VALUES (34, 'Urano', 7, 'Sur', 55, 140000, 2, 1, 4);

INSERT INTO A_ALOJAMIENTO(IDALOJAMIENTO, NOMBRE, CAPACIDAD, UBICACION, TAMANO, PRECIONOCHE, OCUPACIONACTUAL, NUMRESERVAS, IDOPERADOR)
VALUES (35, 'Hotel Los Pinos', 11, 'Norte', 75, 155000, 3, 2, 5);

INSERT INTO A_ALOJAMIENTO(IDALOJAMIENTO, NOMBRE, CAPACIDAD, UBICACION, TAMANO, PRECIONOCHE, OCUPACIONACTUAL, NUMRESERVAS, IDOPERADOR)
VALUES (36, 'Finca La Esperanza', 8, 'Este', 75, 85000, 2, 1, 6);

INSERT INTO A_ALOJAMIENTO(IDALOJAMIENTO, NOMBRE, CAPACIDAD, UBICACION, TAMANO, PRECIONOCHE, OCUPACIONACTUAL, NUMRESERVAS, IDOPERADOR)
VALUES (37, 'Mercurio', 4, 'Centro', 40, 60000, 1, 0, 7);

INSERT INTO A_ALOJAMIENTO(IDALOJAMIENTO, NOMBRE, CAPACIDAD, UBICACION, TAMANO, PRECIONOCHE, OCUPACIONACTUAL, NUMRESERVAS, IDOPERADOR)
VALUES (38, 'Urano', 6, 'Norte', 60, 70000, 3, 1, 8);

INSERT INTO A_ALOJAMIENTO(IDALOJAMIENTO, NOMBRE, CAPACIDAD, UBICACION, TAMANO, PRECIONOCHE, OCUPACIONACTUAL, NUMRESERVAS, IDOPERADOR)
VALUES (39, 'El Castillo', 10, 'Sur', 80, 90000, 2, 0, 9);

INSERT INTO A_ALOJAMIENTO(IDALOJAMIENTO, NOMBRE, CAPACIDAD, UBICACION, TAMANO, PRECIONOCHE, OCUPACIONACTUAL, NUMRESERVAS, IDOPERADOR)
VALUES (40, 'Villa La Playa', 18, 'Oeste', 110, 100000, 50, 1, 3);
-- Tipos de vivienda
INSERT INTO A_VIVIENDAUNIVERSITARIA(IDALOJAMIENTO, TIPOHABITACION) VALUES (1, 'Compartida');
INSERT INTO A_VIVIENDAUNIVERSITARIA(IDALOJAMIENTO, TIPOHABITACION) VALUES (2, 'Individual');
INSERT INTO A_VIVIENDAUNIVERSITARIA(IDALOJAMIENTO, TIPOHABITACION) VALUES (3, 'Compartida');
INSERT INTO A_HABITACIONVIVIENDA(IDALOJAMIENTO, TIPOBANO ,TIPOHABITACION) VALUES (4, 'Publico', 'Compartida' );
INSERT INTO A_HABITACIONVIVIENDA(IDALOJAMIENTO, TIPOBANO ,TIPOHABITACION) VALUES (5, 'Privado', 'Individual' );
INSERT INTO A_HABITACIONVIVIENDA(IDALOJAMIENTO, TIPOBANO ,TIPOHABITACION) VALUES (6, 'Publico', 'Individual' );
INSERT INTO A_HABITACIONVIVIENDA(IDALOJAMIENTO, TIPOBANO ,TIPOHABITACION) VALUES (7, 'Privado', 'Compartida' );
INSERT INTO A_HABITACIONVIVIENDA(IDALOJAMIENTO, TIPOBANO ,TIPOHABITACION) VALUES (8, 'Publico', 'Compartida' );
INSERT INTO A_HABITACIONVIVIENDA(IDALOJAMIENTO, TIPOBANO ,TIPOHABITACION) VALUES (9, 'Privado', 'Individual' );
INSERT INTO A_HABITACIONVIVIENDA(IDALOJAMIENTO, TIPOBANO ,TIPOHABITACION) VALUES (10, 'Publico', 'Individual' );
INSERT INTO A_APARTAMENTO(IDALOJAMIENTO ) VALUES (11);
INSERT INTO A_APARTAMENTO(IDALOJAMIENTO ) VALUES (12);
INSERT INTO A_APARTAMENTO(IDALOJAMIENTO ) VALUES (13);
INSERT INTO A_APARTAMENTO(IDALOJAMIENTO ) VALUES (14);
INSERT INTO A_APARTAMENTO(IDALOJAMIENTO ) VALUES (15);
INSERT INTO A_APARTAMENTO(IDALOJAMIENTO ) VALUES (16);
INSERT INTO A_HABITACIONHOTEL(IDALOJAMIENTO, TIPOHABITACION ) VALUES (17 , 'Semisuites');
INSERT INTO A_HABITACIONHOTEL(IDALOJAMIENTO, TIPOHABITACION ) VALUES (18 , 'Semisuites');
INSERT INTO A_HABITACIONHOTEL(IDALOJAMIENTO, TIPOHABITACION ) VALUES (19 , 'Estandar');
INSERT INTO A_HABITACIONHOTEL(IDALOJAMIENTO, TIPOHABITACION ) VALUES (20 , 'Estandar');
INSERT INTO A_HABITACIONHOTEL(IDALOJAMIENTO, TIPOHABITACION ) VALUES (21 , 'Suites');
INSERT INTO A_HABITACIONHOTEL(IDALOJAMIENTO, TIPOHABITACION ) VALUES (22 , 'Suites');
INSERT INTO A_HABITACIONHOTEL(IDALOJAMIENTO, TIPOHABITACION ) VALUES (23 , 'Semisuites');
INSERT INTO A_HABITACIONHOTEL(IDALOJAMIENTO, TIPOHABITACION ) VALUES (24 , 'Semisuites');
INSERT INTO A_HABITACIONHOTEL(IDALOJAMIENTO, TIPOHABITACION ) VALUES (25 , 'Estandar');
INSERT INTO A_HABITACIONHOTEL(IDALOJAMIENTO, TIPOHABITACION ) VALUES (26 , 'Estandar');
INSERT INTO A_HABITACIONHOTEL(IDALOJAMIENTO, TIPOHABITACION ) VALUES (27 , 'Suites');
INSERT INTO A_HABITACIONHOTEL(IDALOJAMIENTO, TIPOHABITACION ) VALUES (28 , 'Suites');
INSERT INTO A_HOSTAL(IDALOJAMIENTO, HORARIOAPERTURA, HORARIOCIERRE) VALUES (29, '6:30', '22:30' );
INSERT INTO A_HOSTAL(IDALOJAMIENTO, HORARIOAPERTURA, HORARIOCIERRE) VALUES (30, '5:30', '21:30' );
INSERT INTO A_HOSTAL(IDALOJAMIENTO, HORARIOAPERTURA, HORARIOCIERRE) VALUES (31, '6:00', '23:00' );
INSERT INTO A_HOSTAL(IDALOJAMIENTO, HORARIOAPERTURA, HORARIOCIERRE) VALUES (32, '6:30', '22:30' );
INSERT INTO A_HOSTAL(IDALOJAMIENTO, HORARIOAPERTURA, HORARIOCIERRE) VALUES (33, '8:30', '23:30' );
INSERT INTO A_HOSTAL(IDALOJAMIENTO, HORARIOAPERTURA, HORARIOCIERRE) VALUES (34, '7:00', '22:00' );
INSERT INTO A_VIVIENDATEMPORAL(IDALOJAMIENTO, NUMHABITACIONES) VALUES (35, 4 );
INSERT INTO A_VIVIENDATEMPORAL(IDALOJAMIENTO, NUMHABITACIONES) VALUES (36, 3 );
INSERT INTO A_VIVIENDATEMPORAL(IDALOJAMIENTO, NUMHABITACIONES) VALUES (37, 2 );
INSERT INTO A_VIVIENDATEMPORAL(IDALOJAMIENTO, NUMHABITACIONES) VALUES (38, 4 );
INSERT INTO A_VIVIENDATEMPORAL(IDALOJAMIENTO, NUMHABITACIONES) VALUES (39, 2 );
INSERT INTO A_VIVIENDATEMPORAL(IDALOJAMIENTO, NUMHABITACIONES) VALUES (40, 1 );
-- Reservas
INSERT INTO A_RESERVA(IDRESERVA ,IDALOJAMIENTO, IDCLIENTE, DURACION, FECHAINICIO, FECHAFINAL, COSTOTOTAL, ESTADO, NUMPERSONAS) VALUES (1, 1, 1111111111, 5, TO_DATE('2023-12-02', 'YYYY-MM-DD'), TO_DATE('2023-12-07', 'YYYY-MM-DD'), 1000000, 'Activa', 2 );
INSERT INTO A_RESERVA(IDRESERVA ,IDALOJAMIENTO, IDCLIENTE, DURACION, FECHAINICIO, FECHAFINAL, COSTOTOTAL, ESTADO, NUMPERSONAS) VALUES (2, 1, 1212121212, 10, TO_DATE('2023-01-02', 'YYYY-MM-DD'), TO_DATE('2023-01-12', 'YYYY-MM-DD'), 2000000, 'Finalizada', 2 );
INSERT INTO A_RESERVA(IDRESERVA ,IDALOJAMIENTO, IDCLIENTE, DURACION, FECHAINICIO, FECHAFINAL, COSTOTOTAL, ESTADO, NUMPERSONAS) VALUES (3, 2, 1313131313, 10, TO_DATE('2023-01-02', 'YYYY-MM-DD'), TO_DATE('2023-01-12', 'YYYY-MM-DD'), 2000000, 'Cancelada', 4 );
INSERT INTO A_RESERVA(IDRESERVA ,IDALOJAMIENTO, IDCLIENTE, DURACION, FECHAINICIO, FECHAFINAL, COSTOTOTAL, ESTADO, NUMPERSONAS) VALUES (4, 2, 1414141414, 10, TO_DATE('2023-11-02', 'YYYY-MM-DD'), TO_DATE('2023-11-12', 'YYYY-MM-DD'), 2000000, 'Activa', 6 );
INSERT INTO A_RESERVA(IDRESERVA ,IDALOJAMIENTO, IDCLIENTE, DURACION, FECHAINICIO, FECHAFINAL, COSTOTOTAL, ESTADO, NUMPERSONAS) VALUES (5, 3, 1515151515, 10, TO_DATE('2022-01-02', 'YYYY-MM-DD'), TO_DATE('2022-01-12', 'YYYY-MM-DD'), 5000000, 'Finalizada', 4 );
INSERT INTO A_RESERVA(IDRESERVA ,IDALOJAMIENTO, IDCLIENTE, DURACION, FECHAINICIO, FECHAFINAL, COSTOTOTAL, ESTADO, NUMPERSONAS) VALUES (6, 3, 1616161616, 10, TO_DATE('2022-11-02', 'YYYY-MM-DD'), TO_DATE('2022-11-12', 'YYYY-MM-DD'), 6000000, 'Finalizada', 6 );
INSERT INTO A_RESERVA(IDRESERVA ,IDALOJAMIENTO, IDCLIENTE, DURACION, FECHAINICIO, FECHAFINAL, COSTOTOTAL, ESTADO, NUMPERSONAS) VALUES (7, 4, 1717171717, 7, TO_DATE('2023-05-02', 'YYYY-MM-DD'), TO_DATE('2023-05-09', 'YYYY-MM-DD'), 1000000, 'Activa', 2 );
INSERT INTO A_RESERVA(IDRESERVA ,IDALOJAMIENTO, IDCLIENTE, DURACION, FECHAINICIO, FECHAFINAL, COSTOTOTAL, ESTADO, NUMPERSONAS) VALUES (8, 5, 1515151515, 7, TO_DATE('2023-02-10', 'YYYY-MM-DD'), TO_DATE('2023-02-17', 'YYYY-MM-DD'), 2500000, 'Finalizada', 2 );
INSERT INTO A_RESERVA(IDRESERVA ,IDALOJAMIENTO, IDCLIENTE, DURACION, FECHAINICIO, FECHAFINAL, COSTOTOTAL, ESTADO, NUMPERSONAS) VALUES (9, 6, 1919191919, 5, TO_DATE('2022-06-15', 'YYYY-MM-DD'), TO_DATE('2022-06-20', 'YYYY-MM-DD'), 3000000, 'Finalizada', 3 );
INSERT INTO A_RESERVA(IDRESERVA ,IDALOJAMIENTO, IDCLIENTE, DURACION, FECHAINICIO, FECHAFINAL, COSTOTOTAL, ESTADO, NUMPERSONAS) VALUES (10, 7, 2020202020, 10, TO_DATE('2023-07-15', 'YYYY-MM-DD'), TO_DATE('2023-07-25', 'YYYY-MM-DD'), 4500000, 'Cancelada', 5 );
INSERT INTO A_RESERVA(IDRESERVA ,IDALOJAMIENTO, IDCLIENTE, DURACION, FECHAINICIO, FECHAFINAL, COSTOTOTAL, ESTADO, NUMPERSONAS) VALUES (11, 8, 2121212121, 14, TO_DATE('2023-08-01', 'YYYY-MM-DD'), TO_DATE('2023-08-15', 'YYYY-MM-DD'), 7000000, 'Activa', 4 );
INSERT INTO A_RESERVA(IDRESERVA ,IDALOJAMIENTO, IDCLIENTE, DURACION, FECHAINICIO, FECHAFINAL, COSTOTOTAL, ESTADO, NUMPERSONAS) VALUES (12, 9, 2222222222, 7, TO_DATE('2023-02-10', 'YYYY-MM-DD'), TO_DATE('2023-02-17', 'YYYY-MM-DD'), 2500000, 'Finalizada', 2 );
INSERT INTO A_RESERVA(IDRESERVA ,IDALOJAMIENTO, IDCLIENTE, DURACION, FECHAINICIO, FECHAFINAL, COSTOTOTAL, ESTADO, NUMPERSONAS) VALUES (13, 10, 2323232323, 21, TO_DATE('2022-09-10', 'YYYY-MM-DD'), TO_DATE('2022-10-01', 'YYYY-MM-DD'), 12000000, 'Finalizada', 10 );
INSERT INTO A_RESERVA(IDRESERVA ,IDALOJAMIENTO, IDCLIENTE, DURACION, FECHAINICIO, FECHAFINAL, COSTOTOTAL, ESTADO, NUMPERSONAS) VALUES (14, 11, 2424242424, 7, TO_DATE('2022-12-20', 'YYYY-MM-DD'), TO_DATE('2022-12-27', 'YYYY-MM-DD'), 7000000, 'Finalizada', 2 );
INSERT INTO A_RESERVA(IDRESERVA ,IDALOJAMIENTO, IDCLIENTE, DURACION, FECHAINICIO, FECHAFINAL, COSTOTOTAL, ESTADO, NUMPERSONAS) VALUES (15, 12, 2525252525, 14, TO_DATE('2022-06-01', 'YYYY-MM-DD'), TO_DATE('2022-06-15', 'YYYY-MM-DD'), 10000000, 'Finalizada', 4 );
INSERT INTO A_RESERVA(IDRESERVA ,IDALOJAMIENTO, IDCLIENTE, DURACION, FECHAINICIO, FECHAFINAL, COSTOTOTAL, ESTADO, NUMPERSONAS) VALUES (16, 13, 2626262626, 7, TO_DATE('2022-10-15', 'YYYY-MM-DD'), TO_DATE('2022-10-22', 'YYYY-MM-DD'), 3500000, 'Cancelada', 3 );
INSERT INTO A_RESERVA(IDRESERVA ,IDALOJAMIENTO, IDCLIENTE, DURACION, FECHAINICIO, FECHAFINAL, COSTOTOTAL, ESTADO, NUMPERSONAS) VALUES (17, 14, 2727272727, 10, TO_DATE('2022-05-01', 'YYYY-MM-DD'), TO_DATE('2022-05-11', 'YYYY-MM-DD'), 5000000, 'Finalizada', 6 );
INSERT INTO A_RESERVA(IDRESERVA ,IDALOJAMIENTO, IDCLIENTE, DURACION, FECHAINICIO, FECHAFINAL, COSTOTOTAL, ESTADO, NUMPERSONAS) VALUES (18, 15, 2828282828, 5, TO_DATE('2023-09-01', 'YYYY-MM-DD'), TO_DATE('2023-09-06', 'YYYY-MM-DD'), 2500000, 'Activa', 2 );
INSERT INTO A_RESERVA(IDRESERVA ,IDALOJAMIENTO, IDCLIENTE, DURACION, FECHAINICIO, FECHAFINAL, COSTOTOTAL, ESTADO, NUMPERSONAS) VALUES (19, 16, 2929292929, 3, TO_DATE('2023-03-10', 'YYYY-MM-DD'), TO_DATE('2023-03-13', 'YYYY-MM-DD'), 1500000, 'Finalizada', 2 );
INSERT INTO A_RESERVA(IDRESERVA ,IDALOJAMIENTO, IDCLIENTE, DURACION, FECHAINICIO, FECHAFINAL, COSTOTOTAL, ESTADO, NUMPERSONAS) VALUES (20, 17, 3030303030, 7, TO_DATE('2023-02-10', 'YYYY-MM-DD'), TO_DATE('2023-02-17', 'YYYY-MM-DD'), 5000000, 'Finalizada', 4 );
INSERT INTO A_RESERVA(IDRESERVA ,IDALOJAMIENTO, IDCLIENTE, DURACION, FECHAINICIO, FECHAFINAL, COSTOTOTAL, ESTADO, NUMPERSONAS) VALUES (21, 18, 3131313131, 5, TO_DATE('2022-06-20', 'YYYY-MM-DD'), TO_DATE('2022-06-25', 'YYYY-MM-DD'), 2500000, 'Finalizada', 2 );
INSERT INTO A_RESERVA(IDRESERVA ,IDALOJAMIENTO, IDCLIENTE, DURACION, FECHAINICIO, FECHAFINAL, COSTOTOTAL, ESTADO, NUMPERSONAS) VALUES (22, 19, 3232323232, 14, TO_DATE('2023-03-01', 'YYYY-MM-DD'), TO_DATE('2023-03-15', 'YYYY-MM-DD'), 9000000, 'Finalizada', 8 );
INSERT INTO A_RESERVA(IDRESERVA ,IDALOJAMIENTO, IDCLIENTE, DURACION, FECHAINICIO, FECHAFINAL, COSTOTOTAL, ESTADO, NUMPERSONAS) VALUES (23, 20, 3333333333, 4, TO_DATE('2022-09-15', 'YYYY-MM-DD'), TO_DATE('2022-09-19', 'YYYY-MM-DD'), 2000000, 'Finalizada', 3 );
INSERT INTO A_RESERVA(IDRESERVA ,IDALOJAMIENTO, IDCLIENTE, DURACION, FECHAINICIO, FECHAFINAL, COSTOTOTAL, ESTADO, NUMPERSONAS) VALUES (1, 21, 1111111111, 5, TO_DATE('2023-12-02', 'YYYY-MM-DD'), TO_DATE('2023-12-07', 'YYYY-MM-DD'), 1000000, 'Activa', 2 );
INSERT INTO A_RESERVA(IDRESERVA ,IDALOJAMIENTO, IDCLIENTE, DURACION, FECHAINICIO, FECHAFINAL, COSTOTOTAL, ESTADO, NUMPERSONAS) VALUES (2, 21, 1212121212, 10, TO_DATE('2023-01-02', 'YYYY-MM-DD'), TO_DATE('2023-01-12', 'YYYY-MM-DD'), 2000000, 'Finalizada', 2 );
INSERT INTO A_RESERVA(IDRESERVA ,IDALOJAMIENTO, IDCLIENTE, DURACION, FECHAINICIO, FECHAFINAL, COSTOTOTAL, ESTADO, NUMPERSONAS) VALUES (3, 22, 1313131313, 10, TO_DATE('2023-01-02', 'YYYY-MM-DD'), TO_DATE('2023-01-12', 'YYYY-MM-DD'), 2000000, 'Cancelada', 4 );
INSERT INTO A_RESERVA(IDRESERVA ,IDALOJAMIENTO, IDCLIENTE, DURACION, FECHAINICIO, FECHAFINAL, COSTOTOTAL, ESTADO, NUMPERSONAS) VALUES (4, 22, 1414141414, 10, TO_DATE('2023-11-02', 'YYYY-MM-DD'), TO_DATE('2023-11-12', 'YYYY-MM-DD'), 2000000, 'Activa', 6 );
INSERT INTO A_RESERVA(IDRESERVA ,IDALOJAMIENTO, IDCLIENTE, DURACION, FECHAINICIO, FECHAFINAL, COSTOTOTAL, ESTADO, NUMPERSONAS) VALUES (5, 23, 1515151515, 10, TO_DATE('2022-01-02', 'YYYY-MM-DD'), TO_DATE('2022-01-12', 'YYYY-MM-DD'), 5000000, 'Finalizada', 4 );
INSERT INTO A_RESERVA(IDRESERVA ,IDALOJAMIENTO, IDCLIENTE, DURACION, FECHAINICIO, FECHAFINAL, COSTOTOTAL, ESTADO, NUMPERSONAS) VALUES (6, 23, 1616161616, 10, TO_DATE('2022-11-02', 'YYYY-MM-DD'), TO_DATE('2022-11-12', 'YYYY-MM-DD'), 6000000, 'Finalizada', 6 );
INSERT INTO A_RESERVA(IDRESERVA ,IDALOJAMIENTO, IDCLIENTE, DURACION, FECHAINICIO, FECHAFINAL, COSTOTOTAL, ESTADO, NUMPERSONAS) VALUES (7, 24, 1717171717, 7, TO_DATE('2023-05-02', 'YYYY-MM-DD'), TO_DATE('2023-05-09', 'YYYY-MM-DD'), 1000000, 'Activa', 2 );
INSERT INTO A_RESERVA(IDRESERVA ,IDALOJAMIENTO, IDCLIENTE, DURACION, FECHAINICIO, FECHAFINAL, COSTOTOTAL, ESTADO, NUMPERSONAS) VALUES (8, 25, 1515151515, 7, TO_DATE('2023-02-10', 'YYYY-MM-DD'), TO_DATE('2023-02-17', 'YYYY-MM-DD'), 2500000, 'Finalizada', 2 );
INSERT INTO A_RESERVA(IDRESERVA ,IDALOJAMIENTO, IDCLIENTE, DURACION, FECHAINICIO, FECHAFINAL, COSTOTOTAL, ESTADO, NUMPERSONAS) VALUES (9, 26, 1919191919, 5, TO_DATE('2022-06-15', 'YYYY-MM-DD'), TO_DATE('2022-06-20', 'YYYY-MM-DD'), 3000000, 'Finalizada', 3 );
INSERT INTO A_RESERVA(IDRESERVA ,IDALOJAMIENTO, IDCLIENTE, DURACION, FECHAINICIO, FECHAFINAL, COSTOTOTAL, ESTADO, NUMPERSONAS) VALUES (10, 27, 2020202020, 10, TO_DATE('2023-07-15', 'YYYY-MM-DD'), TO_DATE('2023-07-25', 'YYYY-MM-DD'), 4500000, 'Cancelada', 5 );
INSERT INTO A_RESERVA(IDRESERVA ,IDALOJAMIENTO, IDCLIENTE, DURACION, FECHAINICIO, FECHAFINAL, COSTOTOTAL, ESTADO, NUMPERSONAS) VALUES (11, 28, 2121212121, 14, TO_DATE('2023-08-01', 'YYYY-MM-DD'), TO_DATE('2023-08-15', 'YYYY-MM-DD'), 7000000, 'Activa', 4 );
INSERT INTO A_RESERVA(IDRESERVA ,IDALOJAMIENTO, IDCLIENTE, DURACION, FECHAINICIO, FECHAFINAL, COSTOTOTAL, ESTADO, NUMPERSONAS) VALUES (12, 29, 2222222222, 7, TO_DATE('2023-02-10', 'YYYY-MM-DD'), TO_DATE('2023-02-17', 'YYYY-MM-DD'), 2500000, 'Finalizada', 2 );
INSERT INTO A_RESERVA(IDRESERVA ,IDALOJAMIENTO, IDCLIENTE, DURACION, FECHAINICIO, FECHAFINAL, COSTOTOTAL, ESTADO, NUMPERSONAS) VALUES (13, 30, 2323232323, 21, TO_DATE('2022-09-10', 'YYYY-MM-DD'), TO_DATE('2022-10-01', 'YYYY-MM-DD'), 12000000, 'Finalizada', 10 );
INSERT INTO A_RESERVA(IDRESERVA ,IDALOJAMIENTO, IDCLIENTE, DURACION, FECHAINICIO, FECHAFINAL, COSTOTOTAL, ESTADO, NUMPERSONAS) VALUES (14, 31, 2424242424, 7, TO_DATE('2022-12-20', 'YYYY-MM-DD'), TO_DATE('2022-12-27', 'YYYY-MM-DD'), 7000000, 'Finalizada', 2 );
INSERT INTO A_RESERVA(IDRESERVA ,IDALOJAMIENTO, IDCLIENTE, DURACION, FECHAINICIO, FECHAFINAL, COSTOTOTAL, ESTADO, NUMPERSONAS) VALUES (15, 32, 2525252525, 14, TO_DATE('2022-06-01', 'YYYY-MM-DD'), TO_DATE('2022-06-15', 'YYYY-MM-DD'), 10000000, 'Finalizada', 4 );
INSERT INTO A_RESERVA(IDRESERVA ,IDALOJAMIENTO, IDCLIENTE, DURACION, FECHAINICIO, FECHAFINAL, COSTOTOTAL, ESTADO, NUMPERSONAS) VALUES (16, 33, 2626262626, 7, TO_DATE('2022-10-15', 'YYYY-MM-DD'), TO_DATE('2022-10-22', 'YYYY-MM-DD'), 3500000, 'Cancelada', 3 );
INSERT INTO A_RESERVA(IDRESERVA ,IDALOJAMIENTO, IDCLIENTE, DURACION, FECHAINICIO, FECHAFINAL, COSTOTOTAL, ESTADO, NUMPERSONAS) VALUES (17, 34, 2727272727, 10, TO_DATE('2022-05-01', 'YYYY-MM-DD'), TO_DATE('2022-05-11', 'YYYY-MM-DD'), 5000000, 'Finalizada', 6 );
INSERT INTO A_RESERVA(IDRESERVA ,IDALOJAMIENTO, IDCLIENTE, DURACION, FECHAINICIO, FECHAFINAL, COSTOTOTAL, ESTADO, NUMPERSONAS) VALUES (18, 35, 2828282828, 5, TO_DATE('2023-09-01', 'YYYY-MM-DD'), TO_DATE('2023-09-06', 'YYYY-MM-DD'), 2500000, 'Activa', 2 );
INSERT INTO A_RESERVA(IDRESERVA ,IDALOJAMIENTO, IDCLIENTE, DURACION, FECHAINICIO, FECHAFINAL, COSTOTOTAL, ESTADO, NUMPERSONAS) VALUES (19, 36, 2929292929, 3, TO_DATE('2023-03-10', 'YYYY-MM-DD'), TO_DATE('2023-03-13', 'YYYY-MM-DD'), 1500000, 'Finalizada', 2 );
INSERT INTO A_RESERVA(IDRESERVA ,IDALOJAMIENTO, IDCLIENTE, DURACION, FECHAINICIO, FECHAFINAL, COSTOTOTAL, ESTADO, NUMPERSONAS) VALUES (20, 37, 3030303030, 7, TO_DATE('2023-02-10', 'YYYY-MM-DD'), TO_DATE('2023-02-17', 'YYYY-MM-DD'), 5000000, 'Finalizada', 4 );
INSERT INTO A_RESERVA(IDRESERVA ,IDALOJAMIENTO, IDCLIENTE, DURACION, FECHAINICIO, FECHAFINAL, COSTOTOTAL, ESTADO, NUMPERSONAS) VALUES (21, 38, 3131313131, 5, TO_DATE('2022-06-20', 'YYYY-MM-DD'), TO_DATE('2022-06-25', 'YYYY-MM-DD'), 2500000, 'Finalizada', 2 );
INSERT INTO A_RESERVA(IDRESERVA ,IDALOJAMIENTO, IDCLIENTE, DURACION, FECHAINICIO, FECHAFINAL, COSTOTOTAL, ESTADO, NUMPERSONAS) VALUES (22, 39, 3232323232, 14, TO_DATE('2023-03-01', 'YYYY-MM-DD'), TO_DATE('2023-03-15', 'YYYY-MM-DD'), 9000000, 'Finalizada', 8 );
INSERT INTO A_RESERVA(IDRESERVA ,IDALOJAMIENTO, IDCLIENTE, DURACION, FECHAINICIO, FECHAFINAL, COSTOTOTAL, ESTADO, NUMPERSONAS) VALUES (23, 40, 3333333333, 4, TO_DATE('2022-09-15', 'YYYY-MM-DD'), TO_DATE('2022-09-19', 'YYYY-MM-DD'), 2000000, 'Finalizada', 3 );
-- Dispone
INSERT INTO A_DISPONE(IDSERVICIO, IDALOJAMIENTO) VALUES (1 , 1);
INSERT INTO A_DISPONE(IDSERVICIO, IDALOJAMIENTO) VALUES (2 , 1);
INSERT INTO A_DISPONE(IDSERVICIO, IDALOJAMIENTO) VALUES (3 , 1);
INSERT INTO A_DISPONE(IDSERVICIO, IDALOJAMIENTO) VALUES (4 , 1);
INSERT INTO A_DISPONE(IDSERVICIO, IDALOJAMIENTO) VALUES (5 , 1);
INSERT INTO A_DISPONE(IDSERVICIO, IDALOJAMIENTO) VALUES (11 , 2);
INSERT INTO A_DISPONE(IDSERVICIO, IDALOJAMIENTO) VALUES (12 , 2);
INSERT INTO A_DISPONE(IDSERVICIO, IDALOJAMIENTO) VALUES (13 , 2);
INSERT INTO A_DISPONE(IDSERVICIO, IDALOJAMIENTO) VALUES (14 , 2);
INSERT INTO A_DISPONE(IDSERVICIO, IDALOJAMIENTO) VALUES (15 , 2);
INSERT INTO A_DISPONE(IDSERVICIO, IDALOJAMIENTO) VALUES (4 , 3);
INSERT INTO A_DISPONE(IDSERVICIO, IDALOJAMIENTO) VALUES (5 , 3);
INSERT INTO A_DISPONE(IDSERVICIO, IDALOJAMIENTO) VALUES (24 , 3);
INSERT INTO A_DISPONE(IDSERVICIO, IDALOJAMIENTO) VALUES (11 , 3);
INSERT INTO A_DISPONE(IDSERVICIO, IDALOJAMIENTO) VALUES (12 , 3);
INSERT INTO A_DISPONE(IDSERVICIO, IDALOJAMIENTO) VALUES (13 , 3);
INSERT INTO A_DISPONE(IDSERVICIO, IDALOJAMIENTO) VALUES (20 , 3);
INSERT INTO A_DISPONE(IDSERVICIO, IDALOJAMIENTO) VALUES (16 , 3);
INSERT INTO A_DISPONE(IDSERVICIO, IDALOJAMIENTO) VALUES (13 , 4);
INSERT INTO A_DISPONE(IDSERVICIO, IDALOJAMIENTO) VALUES (14 , 4);
INSERT INTO A_DISPONE(IDSERVICIO, IDALOJAMIENTO) VALUES (15 , 4);
INSERT INTO A_DISPONE(IDSERVICIO, IDALOJAMIENTO) VALUES (16 , 4);
INSERT INTO A_DISPONE(IDSERVICIO, IDALOJAMIENTO) VALUES (17 , 4);
INSERT INTO A_DISPONE(IDSERVICIO, IDALOJAMIENTO) VALUES (6 , 5);
INSERT INTO A_DISPONE(IDSERVICIO, IDALOJAMIENTO) VALUES (7 , 5);
INSERT INTO A_DISPONE(IDSERVICIO, IDALOJAMIENTO) VALUES (8 , 5);
INSERT INTO A_DISPONE(IDSERVICIO, IDALOJAMIENTO) VALUES (9 , 5);
INSERT INTO A_DISPONE(IDSERVICIO, IDALOJAMIENTO) VALUES (10 , 5);
INSERT INTO A_DISPONE(IDSERVICIO, IDALOJAMIENTO) VALUES (18 , 5);
INSERT INTO A_DISPONE(IDSERVICIO, IDALOJAMIENTO) VALUES (13 , 6);
INSERT INTO A_DISPONE(IDSERVICIO, IDALOJAMIENTO) VALUES (16 , 6);
INSERT INTO A_DISPONE(IDSERVICIO, IDALOJAMIENTO) VALUES (15 , 6);
INSERT INTO A_DISPONE(IDSERVICIO, IDALOJAMIENTO) VALUES (16 , 6);
INSERT INTO A_DISPONE(IDSERVICIO, IDALOJAMIENTO) VALUES (17 , 6);
INSERT INTO A_DISPONE(IDSERVICIO, IDALOJAMIENTO) VALUES (1 , 7);
INSERT INTO A_DISPONE(IDSERVICIO, IDALOJAMIENTO) VALUES (2 , 7);
INSERT INTO A_DISPONE(IDSERVICIO, IDALOJAMIENTO) VALUES (3 , 7);
INSERT INTO A_DISPONE(IDSERVICIO, IDALOJAMIENTO) VALUES (4 , 7);
INSERT INTO A_DISPONE(IDSERVICIO, IDALOJAMIENTO) VALUES (5 , 7);
INSERT INTO A_DISPONE(IDSERVICIO, IDALOJAMIENTO) VALUES (11 , 8);
INSERT INTO A_DISPONE(IDSERVICIO, IDALOJAMIENTO) VALUES (18 , 8);
INSERT INTO A_DISPONE(IDSERVICIO, IDALOJAMIENTO) VALUES (13 , 8);
INSERT INTO A_DISPONE(IDSERVICIO, IDALOJAMIENTO) VALUES (14 , 8);
INSERT INTO A_DISPONE(IDSERVICIO, IDALOJAMIENTO) VALUES (15 , 8);
INSERT INTO A_DISPONE(IDSERVICIO, IDALOJAMIENTO) VALUES (4 , 9);
INSERT INTO A_DISPONE(IDSERVICIO, IDALOJAMIENTO) VALUES (5 , 9);
INSERT INTO A_DISPONE(IDSERVICIO, IDALOJAMIENTO) VALUES (24 , 9);
INSERT INTO A_DISPONE(IDSERVICIO, IDALOJAMIENTO) VALUES (11 , 9);
INSERT INTO A_DISPONE(IDSERVICIO, IDALOJAMIENTO) VALUES (12 , 9);
INSERT INTO A_DISPONE(IDSERVICIO, IDALOJAMIENTO) VALUES (19 , 9);
INSERT INTO A_DISPONE(IDSERVICIO, IDALOJAMIENTO) VALUES (20 , 9);
INSERT INTO A_DISPONE(IDSERVICIO, IDALOJAMIENTO) VALUES (16 , 9);
INSERT INTO A_DISPONE(IDSERVICIO, IDALOJAMIENTO) VALUES (13 , 10);
INSERT INTO A_DISPONE(IDSERVICIO, IDALOJAMIENTO) VALUES (14 , 10);
INSERT INTO A_DISPONE(IDSERVICIO, IDALOJAMIENTO) VALUES (15 , 10);
INSERT INTO A_DISPONE(IDSERVICIO, IDALOJAMIENTO) VALUES (16 , 10);
INSERT INTO A_DISPONE(IDSERVICIO, IDALOJAMIENTO) VALUES (17 , 10);
INSERT INTO A_DISPONE(IDSERVICIO, IDALOJAMIENTO) VALUES (6 , 11);
INSERT INTO A_DISPONE(IDSERVICIO, IDALOJAMIENTO) VALUES (7 , 11);
INSERT INTO A_DISPONE(IDSERVICIO, IDALOJAMIENTO) VALUES (8 , 11);
INSERT INTO A_DISPONE(IDSERVICIO, IDALOJAMIENTO) VALUES (9 , 11);
INSERT INTO A_DISPONE(IDSERVICIO, IDALOJAMIENTO) VALUES (10 , 11);
INSERT INTO A_DISPONE(IDSERVICIO, IDALOJAMIENTO) VALUES (18 , 11);
INSERT INTO A_DISPONE(IDSERVICIO, IDALOJAMIENTO) VALUES (13 , 12);
INSERT INTO A_DISPONE(IDSERVICIO, IDALOJAMIENTO) VALUES (16 , 12);
INSERT INTO A_DISPONE(IDSERVICIO, IDALOJAMIENTO) VALUES (15 , 12);
INSERT INTO A_DISPONE(IDSERVICIO, IDALOJAMIENTO) VALUES (16 , 12);
INSERT INTO A_DISPONE(IDSERVICIO, IDALOJAMIENTO) VALUES (17 , 12);
INSERT INTO A_DISPONE(IDSERVICIO, IDALOJAMIENTO) VALUES (1 , 13);
INSERT INTO A_DISPONE(IDSERVICIO, IDALOJAMIENTO) VALUES (2 , 13);
INSERT INTO A_DISPONE(IDSERVICIO, IDALOJAMIENTO) VALUES (3 , 13);
INSERT INTO A_DISPONE(IDSERVICIO, IDALOJAMIENTO) VALUES (4 , 13);
INSERT INTO A_DISPONE(IDSERVICIO, IDALOJAMIENTO) VALUES (5 , 13);
INSERT INTO A_DISPONE(IDSERVICIO, IDALOJAMIENTO) VALUES (11 , 14);
INSERT INTO A_DISPONE(IDSERVICIO, IDALOJAMIENTO) VALUES (12 , 14);
INSERT INTO A_DISPONE(IDSERVICIO, IDALOJAMIENTO) VALUES (13 , 14);
INSERT INTO A_DISPONE(IDSERVICIO, IDALOJAMIENTO) VALUES (14 , 14);
INSERT INTO A_DISPONE(IDSERVICIO, IDALOJAMIENTO) VALUES (15 , 14);
INSERT INTO A_DISPONE(IDSERVICIO, IDALOJAMIENTO) VALUES (4 , 15);
INSERT INTO A_DISPONE(IDSERVICIO, IDALOJAMIENTO) VALUES (5 , 15);
INSERT INTO A_DISPONE(IDSERVICIO, IDALOJAMIENTO) VALUES (24 , 15);
INSERT INTO A_DISPONE(IDSERVICIO, IDALOJAMIENTO) VALUES (11 , 15);
INSERT INTO A_DISPONE(IDSERVICIO, IDALOJAMIENTO) VALUES (12 , 15);
INSERT INTO A_DISPONE(IDSERVICIO, IDALOJAMIENTO) VALUES (13 , 15);
INSERT INTO A_DISPONE(IDSERVICIO, IDALOJAMIENTO) VALUES (20 , 15);
INSERT INTO A_DISPONE(IDSERVICIO, IDALOJAMIENTO) VALUES (16 , 15);
INSERT INTO A_DISPONE(IDSERVICIO, IDALOJAMIENTO) VALUES (13 , 16);
INSERT INTO A_DISPONE(IDSERVICIO, IDALOJAMIENTO) VALUES (14 , 16);
INSERT INTO A_DISPONE(IDSERVICIO, IDALOJAMIENTO) VALUES (15 , 16);
INSERT INTO A_DISPONE(IDSERVICIO, IDALOJAMIENTO) VALUES (16 , 16);
INSERT INTO A_DISPONE(IDSERVICIO, IDALOJAMIENTO) VALUES (17 , 16);
INSERT INTO A_DISPONE(IDSERVICIO, IDALOJAMIENTO) VALUES (6 , 17);
INSERT INTO A_DISPONE(IDSERVICIO, IDALOJAMIENTO) VALUES (7 , 17);
INSERT INTO A_DISPONE(IDSERVICIO, IDALOJAMIENTO) VALUES (8 , 17);
INSERT INTO A_DISPONE(IDSERVICIO, IDALOJAMIENTO) VALUES (9 , 17);
INSERT INTO A_DISPONE(IDSERVICIO, IDALOJAMIENTO) VALUES (10 , 17);
INSERT INTO A_DISPONE(IDSERVICIO, IDALOJAMIENTO) VALUES (18 , 17);
INSERT INTO A_DISPONE(IDSERVICIO, IDALOJAMIENTO) VALUES (13 , 18);
INSERT INTO A_DISPONE(IDSERVICIO, IDALOJAMIENTO) VALUES (16 , 18);
INSERT INTO A_DISPONE(IDSERVICIO, IDALOJAMIENTO) VALUES (15 , 18);
INSERT INTO A_DISPONE(IDSERVICIO, IDALOJAMIENTO) VALUES (16 , 18);
INSERT INTO A_DISPONE(IDSERVICIO, IDALOJAMIENTO) VALUES (17 , 18);
INSERT INTO A_DISPONE(IDSERVICIO, IDALOJAMIENTO) VALUES (1 , 19);
INSERT INTO A_DISPONE(IDSERVICIO, IDALOJAMIENTO) VALUES (2 , 19);
INSERT INTO A_DISPONE(IDSERVICIO, IDALOJAMIENTO) VALUES (3 , 19);
INSERT INTO A_DISPONE(IDSERVICIO, IDALOJAMIENTO) VALUES (4 , 19);
INSERT INTO A_DISPONE(IDSERVICIO, IDALOJAMIENTO) VALUES (5 , 19);
INSERT INTO A_DISPONE(IDSERVICIO, IDALOJAMIENTO) VALUES (11 , 20);
INSERT INTO A_DISPONE(IDSERVICIO, IDALOJAMIENTO) VALUES (18 , 20);
INSERT INTO A_DISPONE(IDSERVICIO, IDALOJAMIENTO) VALUES (13 , 20);
INSERT INTO A_DISPONE(IDSERVICIO, IDALOJAMIENTO) VALUES (14 , 20);
INSERT INTO A_DISPONE(IDSERVICIO, IDALOJAMIENTO) VALUES (15 , 20);
INSERT INTO A_DISPONE(IDSERVICIO, IDALOJAMIENTO) VALUES (4 , 21);
INSERT INTO A_DISPONE(IDSERVICIO, IDALOJAMIENTO) VALUES (5 , 21);
INSERT INTO A_DISPONE(IDSERVICIO, IDALOJAMIENTO) VALUES (24 , 21);
INSERT INTO A_DISPONE(IDSERVICIO, IDALOJAMIENTO) VALUES (11 , 21);
INSERT INTO A_DISPONE(IDSERVICIO, IDALOJAMIENTO) VALUES (12 , 21);
INSERT INTO A_DISPONE(IDSERVICIO, IDALOJAMIENTO) VALUES (19 , 21);
INSERT INTO A_DISPONE(IDSERVICIO, IDALOJAMIENTO) VALUES (20 , 21);
INSERT INTO A_DISPONE(IDSERVICIO, IDALOJAMIENTO) VALUES (16 , 21);
INSERT INTO A_DISPONE(IDSERVICIO, IDALOJAMIENTO) VALUES (13 , 22);
INSERT INTO A_DISPONE(IDSERVICIO, IDALOJAMIENTO) VALUES (14 , 22);
INSERT INTO A_DISPONE(IDSERVICIO, IDALOJAMIENTO) VALUES (15 , 22);
INSERT INTO A_DISPONE(IDSERVICIO, IDALOJAMIENTO) VALUES (16 , 22);
INSERT INTO A_DISPONE(IDSERVICIO, IDALOJAMIENTO) VALUES (17 , 22);
INSERT INTO A_DISPONE(IDSERVICIO, IDALOJAMIENTO) VALUES (6 , 23);
INSERT INTO A_DISPONE(IDSERVICIO, IDALOJAMIENTO) VALUES (7 , 23);
INSERT INTO A_DISPONE(IDSERVICIO, IDALOJAMIENTO) VALUES (8 , 23);
INSERT INTO A_DISPONE(IDSERVICIO, IDALOJAMIENTO) VALUES (9 , 23);
INSERT INTO A_DISPONE(IDSERVICIO, IDALOJAMIENTO) VALUES (10 , 23);
INSERT INTO A_DISPONE(IDSERVICIO, IDALOJAMIENTO) VALUES (18 , 23);
INSERT INTO A_DISPONE(IDSERVICIO, IDALOJAMIENTO) VALUES (13 , 24);
INSERT INTO A_DISPONE(IDSERVICIO, IDALOJAMIENTO) VALUES (16 , 24);
INSERT INTO A_DISPONE(IDSERVICIO, IDALOJAMIENTO) VALUES (15 , 24);
INSERT INTO A_DISPONE(IDSERVICIO, IDALOJAMIENTO) VALUES (16 , 24);
INSERT INTO A_DISPONE(IDSERVICIO, IDALOJAMIENTO) VALUES (17 , 24);
INSERT INTO A_DISPONE(IDSERVICIO, IDALOJAMIENTO) VALUES (1 , 25);
INSERT INTO A_DISPONE(IDSERVICIO, IDALOJAMIENTO) VALUES (2 , 25);
INSERT INTO A_DISPONE(IDSERVICIO, IDALOJAMIENTO) VALUES (3 , 25);
INSERT INTO A_DISPONE(IDSERVICIO, IDALOJAMIENTO) VALUES (4 , 25);
INSERT INTO A_DISPONE(IDSERVICIO, IDALOJAMIENTO) VALUES (5 , 25);
INSERT INTO A_DISPONE(IDSERVICIO, IDALOJAMIENTO) VALUES (11 , 26);
INSERT INTO A_DISPONE(IDSERVICIO, IDALOJAMIENTO) VALUES (12 , 26);
INSERT INTO A_DISPONE(IDSERVICIO, IDALOJAMIENTO) VALUES (13 , 26);
INSERT INTO A_DISPONE(IDSERVICIO, IDALOJAMIENTO) VALUES (14 , 26);
INSERT INTO A_DISPONE(IDSERVICIO, IDALOJAMIENTO) VALUES (15 , 26);
INSERT INTO A_DISPONE(IDSERVICIO, IDALOJAMIENTO) VALUES (4 , 27);
INSERT INTO A_DISPONE(IDSERVICIO, IDALOJAMIENTO) VALUES (5 , 27);
INSERT INTO A_DISPONE(IDSERVICIO, IDALOJAMIENTO) VALUES (24 , 27);
INSERT INTO A_DISPONE(IDSERVICIO, IDALOJAMIENTO) VALUES (11 , 27);
INSERT INTO A_DISPONE(IDSERVICIO, IDALOJAMIENTO) VALUES (12 , 27);
INSERT INTO A_DISPONE(IDSERVICIO, IDALOJAMIENTO) VALUES (13 , 27);
INSERT INTO A_DISPONE(IDSERVICIO, IDALOJAMIENTO) VALUES (20 , 27);
INSERT INTO A_DISPONE(IDSERVICIO, IDALOJAMIENTO) VALUES (16 , 27);
INSERT INTO A_DISPONE(IDSERVICIO, IDALOJAMIENTO) VALUES (13 , 28);
INSERT INTO A_DISPONE(IDSERVICIO, IDALOJAMIENTO) VALUES (14 , 28);
INSERT INTO A_DISPONE(IDSERVICIO, IDALOJAMIENTO) VALUES (15 , 28);
INSERT INTO A_DISPONE(IDSERVICIO, IDALOJAMIENTO) VALUES (16 , 28);
INSERT INTO A_DISPONE(IDSERVICIO, IDALOJAMIENTO) VALUES (17 , 28);
INSERT INTO A_DISPONE(IDSERVICIO, IDALOJAMIENTO) VALUES (6 , 29);
INSERT INTO A_DISPONE(IDSERVICIO, IDALOJAMIENTO) VALUES (7 , 29);
INSERT INTO A_DISPONE(IDSERVICIO, IDALOJAMIENTO) VALUES (8 , 29);
INSERT INTO A_DISPONE(IDSERVICIO, IDALOJAMIENTO) VALUES (9 , 29);
INSERT INTO A_DISPONE(IDSERVICIO, IDALOJAMIENTO) VALUES (10 , 29);
INSERT INTO A_DISPONE(IDSERVICIO, IDALOJAMIENTO) VALUES (18 , 29);
INSERT INTO A_DISPONE(IDSERVICIO, IDALOJAMIENTO) VALUES (13 , 30);
INSERT INTO A_DISPONE(IDSERVICIO, IDALOJAMIENTO) VALUES (16 , 30);
INSERT INTO A_DISPONE(IDSERVICIO, IDALOJAMIENTO) VALUES (15 , 30);
INSERT INTO A_DISPONE(IDSERVICIO, IDALOJAMIENTO) VALUES (16 , 30);
INSERT INTO A_DISPONE(IDSERVICIO, IDALOJAMIENTO) VALUES (17 , 30);
INSERT INTO A_DISPONE(IDSERVICIO, IDALOJAMIENTO) VALUES (1 , 31);
INSERT INTO A_DISPONE(IDSERVICIO, IDALOJAMIENTO) VALUES (2 , 31);
INSERT INTO A_DISPONE(IDSERVICIO, IDALOJAMIENTO) VALUES (3 , 31);
INSERT INTO A_DISPONE(IDSERVICIO, IDALOJAMIENTO) VALUES (4 , 31);
INSERT INTO A_DISPONE(IDSERVICIO, IDALOJAMIENTO) VALUES (5 , 31);
INSERT INTO A_DISPONE(IDSERVICIO, IDALOJAMIENTO) VALUES (11 , 32);
INSERT INTO A_DISPONE(IDSERVICIO, IDALOJAMIENTO) VALUES (18 , 32);
INSERT INTO A_DISPONE(IDSERVICIO, IDALOJAMIENTO) VALUES (13 , 32);
INSERT INTO A_DISPONE(IDSERVICIO, IDALOJAMIENTO) VALUES (14 , 32);
INSERT INTO A_DISPONE(IDSERVICIO, IDALOJAMIENTO) VALUES (15 , 32);
INSERT INTO A_DISPONE(IDSERVICIO, IDALOJAMIENTO) VALUES (4 , 33);
INSERT INTO A_DISPONE(IDSERVICIO, IDALOJAMIENTO) VALUES (5 , 33);
INSERT INTO A_DISPONE(IDSERVICIO, IDALOJAMIENTO) VALUES (24 , 33);
INSERT INTO A_DISPONE(IDSERVICIO, IDALOJAMIENTO) VALUES (11 , 33);
INSERT INTO A_DISPONE(IDSERVICIO, IDALOJAMIENTO) VALUES (12 , 33);
INSERT INTO A_DISPONE(IDSERVICIO, IDALOJAMIENTO) VALUES (19 , 33);
INSERT INTO A_DISPONE(IDSERVICIO, IDALOJAMIENTO) VALUES (20 , 33);
INSERT INTO A_DISPONE(IDSERVICIO, IDALOJAMIENTO) VALUES (16 , 33);
INSERT INTO A_DISPONE(IDSERVICIO, IDALOJAMIENTO) VALUES (13 , 34);
INSERT INTO A_DISPONE(IDSERVICIO, IDALOJAMIENTO) VALUES (14 , 34);
INSERT INTO A_DISPONE(IDSERVICIO, IDALOJAMIENTO) VALUES (15 , 34);
INSERT INTO A_DISPONE(IDSERVICIO, IDALOJAMIENTO) VALUES (16 , 34);
INSERT INTO A_DISPONE(IDSERVICIO, IDALOJAMIENTO) VALUES (17 , 34);
INSERT INTO A_DISPONE(IDSERVICIO, IDALOJAMIENTO) VALUES (6 , 35);
INSERT INTO A_DISPONE(IDSERVICIO, IDALOJAMIENTO) VALUES (7 , 35);
INSERT INTO A_DISPONE(IDSERVICIO, IDALOJAMIENTO) VALUES (8 , 35);
INSERT INTO A_DISPONE(IDSERVICIO, IDALOJAMIENTO) VALUES (9 , 35);
INSERT INTO A_DISPONE(IDSERVICIO, IDALOJAMIENTO) VALUES (10 , 35);
INSERT INTO A_DISPONE(IDSERVICIO, IDALOJAMIENTO) VALUES (18 , 35);
INSERT INTO A_DISPONE(IDSERVICIO, IDALOJAMIENTO) VALUES (13 , 36);
INSERT INTO A_DISPONE(IDSERVICIO, IDALOJAMIENTO) VALUES (16 , 36);
INSERT INTO A_DISPONE(IDSERVICIO, IDALOJAMIENTO) VALUES (15 , 36);
INSERT INTO A_DISPONE(IDSERVICIO, IDALOJAMIENTO) VALUES (16 , 36);
INSERT INTO A_DISPONE(IDSERVICIO, IDALOJAMIENTO) VALUES (17 , 36);
INSERT INTO A_DISPONE(IDSERVICIO, IDALOJAMIENTO) VALUES (1 , 37);
INSERT INTO A_DISPONE(IDSERVICIO, IDALOJAMIENTO) VALUES (2 , 37);
INSERT INTO A_DISPONE(IDSERVICIO, IDALOJAMIENTO) VALUES (3 , 37);
INSERT INTO A_DISPONE(IDSERVICIO, IDALOJAMIENTO) VALUES (4 , 37);
INSERT INTO A_DISPONE(IDSERVICIO, IDALOJAMIENTO) VALUES (5 , 37);
INSERT INTO A_DISPONE(IDSERVICIO, IDALOJAMIENTO) VALUES (11 , 38);
INSERT INTO A_DISPONE(IDSERVICIO, IDALOJAMIENTO) VALUES (12 , 38);
INSERT INTO A_DISPONE(IDSERVICIO, IDALOJAMIENTO) VALUES (13 , 38);
INSERT INTO A_DISPONE(IDSERVICIO, IDALOJAMIENTO) VALUES (14 , 38);
INSERT INTO A_DISPONE(IDSERVICIO, IDALOJAMIENTO) VALUES (15 , 38);
INSERT INTO A_DISPONE(IDSERVICIO, IDALOJAMIENTO) VALUES (4 , 39);
INSERT INTO A_DISPONE(IDSERVICIO, IDALOJAMIENTO) VALUES (5 , 39);
INSERT INTO A_DISPONE(IDSERVICIO, IDALOJAMIENTO) VALUES (24 , 39);
INSERT INTO A_DISPONE(IDSERVICIO, IDALOJAMIENTO) VALUES (11 , 39);
INSERT INTO A_DISPONE(IDSERVICIO, IDALOJAMIENTO) VALUES (12 , 39);
INSERT INTO A_DISPONE(IDSERVICIO, IDALOJAMIENTO) VALUES (13 , 39);
INSERT INTO A_DISPONE(IDSERVICIO, IDALOJAMIENTO) VALUES (20 , 39);
INSERT INTO A_DISPONE(IDSERVICIO, IDALOJAMIENTO) VALUES (16 , 39);
INSERT INTO A_DISPONE(IDSERVICIO, IDALOJAMIENTO) VALUES (13 , 40);
INSERT INTO A_DISPONE(IDSERVICIO, IDALOJAMIENTO) VALUES (14 , 40);
INSERT INTO A_DISPONE(IDSERVICIO, IDALOJAMIENTO) VALUES (15 , 40);
INSERT INTO A_DISPONE(IDSERVICIO, IDALOJAMIENTO) VALUES (16 , 40);
INSERT INTO A_DISPONE(IDSERVICIO, IDALOJAMIENTO) VALUES (17 , 40);



