INSERT INTO A_OPERADOR(IDOPERADOR, TELEFONO, TIPOVINCULACION) 
VALUES (1, '3181341791', 'Estudiante');

INSERT INTO A_OPERADOR(IDOPERADOR, TELEFONO, TIPOVINCULACION) 
VALUES (2, '3181341792', 'Profesor');

INSERT INTO A_OPERADOR(IDOPERADOR, TELEFONO, TIPOVINCULACION) 
VALUES (3, '3181341793', 'Egresado');

INSERT INTO A_OPERADOR(IDOPERADOR, TELEFONO, TIPOVINCULACION) 
VALUES (4, '3181341794', 'Profesor');

INSERT INTO A_OPERADOR(IDOPERADOR, TELEFONO, TIPOVINCULACION) 
VALUES (5, '3181341795', 'Empleado');

INSERT INTO A_OPERADOR(IDOPERADOR, TELEFONO, TIPOVINCULACION) 
VALUES (6, '3181341796', 'Padre');

INSERT INTO A_OPERADOR(IDOPERADOR, TELEFONO, TIPOVINCULACION) 
VALUES (7, '3181341797', 'Estudiante');

INSERT INTO A_OPERADOR(IDOPERADOR, TELEFONO, TIPOVINCULACION) 
VALUES (8, '3181341798', 'Empleado');

INSERT INTO A_OPERADOR(IDOPERADOR, TELEFONO, TIPOVINCULACION) 
VALUES (9, '3181341799', 'Profesor');

INSERT INTO A_OPERADOR(IDOPERADOR, TELEFONO, TIPOVINCULACION) 
VALUES (10, '3181341700', 'Egresado');

INSERT INTO A_OPERADOR(IDOPERADOR, TELEFONO, TIPOVINCULACION) 
VALUES (11, '3181341701', 'Estudiante');

INSERT INTO A_OPERADOR(IDOPERADOR, TELEFONO, TIPOVINCULACION) 
VALUES (12, '3181341702', 'Empleado');

INSERT INTO A_OPERADOR(IDOPERADOR, TELEFONO, TIPOVINCULACION) 
VALUES (13, '3181341703', 'Profesor');

INSERT INTO A_OPERADOR(IDOPERADOR, TELEFONO, TIPOVINCULACION) 
VALUES (14, '3181341704', 'Egresado');

INSERT INTO A_OPERADOR(IDOPERADOR, TELEFONO, TIPOVINCULACION) 
VALUES (15, '3181341705', 'Estudiante');

INSERT INTO A_OPERADOR(IDOPERADOR, TELEFONO, TIPOVINCULACION) 
VALUES (16, '3181341706', 'Empleado');

INSERT INTO A_OPERADOR(IDOPERADOR, TELEFONO, TIPOVINCULACION) 
VALUES (17, '3181341707', 'Profesor');

INSERT INTO A_OPERADOR(IDOPERADOR, TELEFONO, TIPOVINCULACION) 
VALUES (18, '3181341708', 'Egresado');

INSERT INTO A_OPERADOR(IDOPERADOR, TELEFONO, TIPOVINCULACION) 
VALUES (19, '3181341709', 'Estudiante');

INSERT INTO A_OPERADOR(IDOPERADOR, TELEFONO, TIPOVINCULACION) 
VALUES (20, '3181341710', 'Empleado');

INSERT INTO A_OPERADOR(IDOPERADOR, TELEFONO, TIPOVINCULACION) 
VALUES (21, '3181341711', 'Profesor');

INSERT INTO A_OPERADOR(IDOPERADOR, TELEFONO, TIPOVINCULACION) 
VALUES (22, '3181341712', 'Egresado');

INSERT INTO A_OPERADOR(IDOPERADOR, TELEFONO, TIPOVINCULACION) 
VALUES (23, '3181341713', 'Estudiante');

INSERT INTO A_OPERADOR(IDOPERADOR, TELEFONO, TIPOVINCULACION) 
VALUES (24, '3181341714', 'Empleado');

INSERT INTO A_OPERADOR(IDOPERADOR, TELEFONO, TIPOVINCULACION) 
VALUES (25, '3181341715', 'Profesor');

INSERT INTO A_OPERADOR(IDOPERADOR, TELEFONO, TIPOVINCULACION) 
VALUES (26, '3181341716', 'Egresado');

INSERT INTO A_OPERADOR(IDOPERADOR, TELEFONO, TIPOVINCULACION) 
VALUES (27, '3181341717', 'Estudiante');

INSERT INTO A_OPERADOR(IDOPERADOR, TELEFONO, TIPOVINCULACION) 
VALUES (28, '3181341718', 'Empleado');

INSERT INTO A_OPERADOR(IDOPERADOR, TELEFONO, TIPOVINCULACION) 
VALUES (29, '3181341719', 'Profesor');

INSERT INTO A_OPERADOR(IDOPERADOR, TELEFONO, TIPOVINCULACION) 
VALUES (30, '3181341720', 'Padre');

INSERT INTO A_PROPIETARIO(IDOPERADOR, IDENTIFICACION, TIPOIDENTIFICACION, NOMBREPROPIETARIO)
VALUES (1, '1023456789', 'CC', 'Juan Perez');

INSERT INTO A_PROPIETARIO(IDOPERADOR, IDENTIFICACION, TIPOIDENTIFICACION, NOMBREPROPIETARIO)
VALUES (3, '3345678901', 'TI', 'Pedro Torres');

INSERT INTO A_PROPIETARIO(IDOPERADOR, IDENTIFICACION, TIPOIDENTIFICACION, NOMBREPROPIETARIO)
VALUES (4, '4456789012', 'CC', 'Ana González');

INSERT INTO A_PROPIETARIO(IDOPERADOR, IDENTIFICACION, TIPOIDENTIFICACION, NOMBREPROPIETARIO)
VALUES (5, '5567890123', 'PA', 'Juanita Garcia');

INSERT INTO A_PROPIETARIO(IDOPERADOR, IDENTIFICACION, TIPOIDENTIFICACION, NOMBREPROPIETARIO)
VALUES (6, '6678901234', 'CC', 'Pedro Gomez');

INSERT INTO A_PROPIETARIO(IDOPERADOR, IDENTIFICACION, TIPOIDENTIFICACION, NOMBREPROPIETARIO)
VALUES (7, '7789012345', 'CC', 'Luisa Suarez');

INSERT INTO A_PROPIETARIO(IDOPERADOR, IDENTIFICACION, TIPOIDENTIFICACION, NOMBREPROPIETARIO)
VALUES (8, '8890123456', 'TI', 'Carmen Sánchez');


INSERT INTO A_PROPIETARIO(IDOPERADOR, IDENTIFICACION, TIPOIDENTIFICACION, NOMBREPROPIETARIO)
VALUES (10, '0112345678', 'CC', 'Laura Hernandez');

INSERT INTO A_PROPIETARIO(IDOPERADOR, IDENTIFICACION, TIPOIDENTIFICACION, NOMBREPROPIETARIO)
VALUES (11, '1223456789', 'CC', 'Juanita Torres');

INSERT INTO A_PROPIETARIO(IDOPERADOR, IDENTIFICACION, TIPOIDENTIFICACION, NOMBREPROPIETARIO)
VALUES (12, '2334567890', 'TI', 'Pedro Morales');

INSERT INTO A_PROPIETARIO(IDOPERADOR, IDENTIFICACION, TIPOIDENTIFICACION, NOMBREPROPIETARIO)
VALUES (13, '3445678901', 'CC', 'Ana Maria Alvarez');

INSERT INTO A_PROPIETARIO(IDOPERADOR, IDENTIFICACION, TIPOIDENTIFICACION, NOMBREPROPIETARIO)
VALUES (14, '4556789012', 'CC', 'Felipe Castro');

INSERT INTO A_PROPIETARIO(IDOPERADOR, IDENTIFICACION, TIPOIDENTIFICACION, NOMBREPROPIETARIO)
VALUES (16, '5667890123', 'CC', 'Sofía Muñoz');

INSERT INTO A_PROPIETARIO(IDOPERADOR, IDENTIFICACION, TIPOIDENTIFICACION, NOMBREPROPIETARIO)
VALUES (17, '901234567', 'CC', 'María Fernández');

INSERT INTO A_PROPIETARIO(IDOPERADOR, IDENTIFICACION, TIPOIDENTIFICACION, NOMBREPROPIETARIO)
VALUES (19, '345678901', 'CC', 'Carlos Gómez');

INSERT INTO A_PROPIETARIO(IDOPERADOR, IDENTIFICACION, TIPOIDENTIFICACION, NOMBREPROPIETARIO)
VALUES (20, '678901234', 'CC', 'Luisa Torres');

INSERT INTO A_PROPIETARIO(IDOPERADOR, IDENTIFICACION, TIPOIDENTIFICACION, NOMBREPROPIETARIO)
VALUES (22, '234567890', 'CC', 'Juan Carlos Martínez');

INSERT INTO A_PROPIETARIO(IDOPERADOR, IDENTIFICACION, TIPOIDENTIFICACION, NOMBREPROPIETARIO)
VALUES (23, '567890123', 'CC', 'Laura Giraldo');

INSERT INTO A_PROPIETARIO(IDOPERADOR, IDENTIFICACION, TIPOIDENTIFICACION, NOMBREPROPIETARIO)
VALUES (25, '123456789', 'CC', 'Santiago Restrepo');

INSERT INTO A_PROPIETARIO(IDOPERADOR, IDENTIFICACION, TIPOIDENTIFICACION, NOMBREPROPIETARIO)
VALUES (26, '456789012', 'CC', 'Mauricio Sánchez');

INSERT INTO A_PROPIETARIO(IDOPERADOR, IDENTIFICACION, TIPOIDENTIFICACION, NOMBREPROPIETARIO)
VALUES (28, '890123456', 'CC', 'Fabiola Torres');

INSERT INTO A_PROPIETARIO(IDOPERADOR, IDENTIFICACION, TIPOIDENTIFICACION, NOMBREPROPIETARIO)
VALUES (29, '234567890', 'CC', 'Javier López');

INSERT INTO A_PROPIETARIO(IDOPERADOR, IDENTIFICACION, TIPOIDENTIFICACION, NOMBREPROPIETARIO)
VALUES (30, '567890123', 'CC', 'Martha Gómez');

INSERT INTO A_EMPRESA(IDOPERADOR, NIT, NOMBREEMPRESA)
VALUES (2, '10122012334-4', 'Colpatria');

INSERT INTO A_EMPRESA(IDOPERADOR, NIT, NOMBREEMPRESA)
VALUES (9, '876543210-1', 'Bancolombia');

INSERT INTO A_EMPRESA(IDOPERADOR, NIT, NOMBREEMPRESA)
VALUES (15, '123456789-0', 'Carvajal');

INSERT INTO A_EMPRESA(IDOPERADOR, NIT, NOMBREEMPRESA)
VALUES (21, '456789012-1', 'Éxito');

INSERT INTO A_EMPRESA(IDOPERADOR, NIT, NOMBREEMPRESA)
VALUES (27, '987654321-0', 'Terpel');

INSERT INTO A_EMPRESA(IDOPERADOR, NIT, NOMBREEMPRESA)
VALUES (18, '112233445-5', 'Facebook');

INSERT INTO A_EMPRESA(IDOPERADOR, NIT, NOMBREEMPRESA)
VALUES (24, '998877665-5', 'Apple');